ts,phase,nvme_rd_mb_s,nvme_wr_mb_s,nvme_active_pct,cte_file_tier_gb,devshm_used_gb,clio_rss_gb,mem_avail_gb,nfs_rd_mb_s
1786332257,setup,0.00,0.00,0.1,0.000,0.002,0.000,45.033,0.00
1786332262,ingest,0.00,0.00,0.1,0.000,0.002,0.315,44.514,26.55
1786332267,ingest,0.00,0.00,0.0,0.000,0.002,0.399,44.417,0.00
1786332272,ingest,0.00,0.00,0.0,0.000,0.002,0.579,44.234,0.00
1786332277,ingest,0.00,0.00,0.0,0.000,0.002,0.795,44.020,0.00
1786332282,ingest,0.00,0.00,0.0,0.000,0.002,1.000,43.817,0.00
1786332287,ingest,0.00,0.01,0.1,0.000,0.002,1.126,43.696,0.00
1786332292,ingest,0.00,0.00,0.0,0.000,0.002,1.251,43.568,0.00
1786332297,ingest,0.00,0.00,0.0,0.000,0.002,1.440,43.378,0.00
1786332302,ingest,0.00,0.00,0.0,0.000,0.002,1.697,43.122,0.00
1786332307,ingest,0.00,0.00,0.0,0.000,0.002,1.885,42.933,0.00
1786332312,ingest,0.00,0.00,0.0,0.000,0.002,2.073,42.742,0.00
1786332317,ingest,0.00,0.01,0.1,0.000,0.002,2.199,42.617,0.00
1786332322,ingest,0.00,0.00,0.0,0.000,0.002,2.387,42.428,0.00
1786332327,ingest,0.00,0.00,0.0,0.000,0.002,2.512,42.302,0.00
1786332333,ingest,0.00,0.00,0.0,0.000,0.002,2.637,42.176,0.00
1786332338,ingest,0.00,0.00,0.0,0.000,0.002,2.773,42.042,0.00
1786332343,ingest,0.00,0.00,0.0,0.000,0.002,2.888,41.925,0.00
1786332348,ingest,0.00,0.00,0.1,0.000,0.002,3.076,41.737,0.00
1786332353,ingest,0.00,0.00,0.0,0.000,0.002,3.201,41.611,0.00
1786332358,ingest,0.00,0.00,0.0,0.000,0.002,3.395,41.417,0.00
1786332363,ingest,0.00,0.00,0.0,0.000,0.002,3.524,41.286,0.00
1786332368,ingest,0.00,0.00,0.0,0.000,0.002,3.650,41.160,0.00
1786332373,ingest,0.00,0.00,0.0,0.000,0.002,3.837,40.970,0.00
1786332378,ingest,0.00,0.00,0.1,0.000,0.002,3.900,40.908,0.00
1786332383,ingest,0.00,0.00,0.0,0.000,0.002,4.026,40.779,0.00
1786332388,ingest,0.00,0.00,0.0,0.000,0.002,4.152,40.653,0.00
1786332393,ingest,0.00,0.00,0.0,0.000,0.002,4.277,40.527,0.00
1786332398,ingest,0.00,0.00,0.0,0.000,0.002,4.537,40.263,0.00
1786332403,ingest,0.00,0.00,0.0,0.000,0.002,4.725,40.070,0.00
1786332408,ingest,0.00,0.00,0.0,0.000,0.002,4.788,40.008,0.00
1786332413,ingest,0.00,0.00,0.0,0.000,0.002,4.975,39.819,0.00
1786332418,ingest,0.00,0.00,0.0,0.000,0.002,5.163,39.631,0.00
1786332424,ingest,0.00,0.00,0.0,0.000,0.002,5.288,39.507,0.00
1786332429,ingest,0.00,0.00,0.0,0.000,0.002,5.351,39.444,0.00
1786332434,ingest,0.00,0.00,0.0,0.000,0.002,5.476,39.319,0.00
1786332439,ingest,0.00,0.00,0.0,0.000,0.002,5.601,39.192,0.00
1786332444,ingest,0.00,0.00,0.0,0.000,0.002,5.726,39.065,0.00
1786332449,ingest,0.00,0.00,0.0,0.000,0.002,5.851,38.941,0.00
1786332454,ingest,0.00,0.00,0.0,0.000,0.002,5.914,38.876,0.00
1786332459,ingest,0.00,0.00,0.0,0.000,0.002,6.039,38.747,0.00
1786332464,ingest,0.00,0.00,0.0,0.000,0.002,6.231,38.557,0.00
1786332469,ingest,0.00,0.00,0.0,0.000,0.002,6.356,38.430,0.00
1786332474,ingest,0.00,0.00,0.0,0.000,0.002,6.481,38.303,0.00
1786332479,ingest,0.00,0.00,0.0,0.000,0.002,6.606,38.178,0.00
1786332484,ingest,0.00,0.00,0.0,0.000,0.002,6.794,37.988,0.00
1786332489,ingest,0.00,0.00,0.0,0.000,0.002,6.919,37.864,0.00
1786332494,ingest,0.00,0.00,0.0,0.000,0.002,7.044,37.736,0.00
1786332499,ingest,0.00,0.00,0.0,0.000,0.002,7.107,37.674,0.00
1786332504,ingest,0.00,0.00,0.0,0.000,0.002,7.170,37.610,0.00
1786332509,ingest,0.00,0.00,0.0,0.000,0.002,7.335,37.442,0.00
1786332514,ingest,0.00,0.00,0.0,0.000,0.002,7.420,37.358,0.00
1786332520,ingest,0.00,0.00,0.0,0.000,0.002,7.545,37.230,0.00
1786332525,ingest,0.00,0.00,0.0,0.000,0.002,7.670,37.103,0.00
1786332530,ingest,0.00,0.00,0.0,0.000,0.002,7.858,36.913,0.00
1786332535,ingest,0.00,0.00,0.0,0.000,0.002,8.047,36.721,0.00
1786332540,ingest,0.00,0.00,0.0,0.000,0.002,8.110,36.656,0.00
1786332545,ingest,0.00,0.00,0.0,0.000,0.002,8.235,36.532,0.00
1786332550,ingest,0.00,0.00,0.0,0.000,0.002,8.424,36.342,0.00
1786332555,ingest,0.00,0.00,0.0,0.000,0.002,8.549,36.216,0.00
1786332560,ingest,0.00,0.00,0.0,0.000,0.002,8.737,36.019,0.04
1786332565,ingest,0.00,0.00,0.0,0.000,0.002,8.926,35.827,0.02
1786332570,ingest,0.00,0.00,0.0,0.000,0.002,9.051,35.700,0.00
1786332575,ingest,0.00,0.00,0.0,0.000,0.002,9.176,35.574,0.00
1786332580,ingest,0.00,0.00,0.0,0.000,0.002,9.301,35.446,0.00
1786332585,ingest,0.00,0.00,0.0,0.000,0.002,9.495,35.254,0.00
1786332590,ingest,0.00,0.00,0.0,0.000,0.002,9.620,35.126,0.00
1786332595,ingest,0.00,0.00,0.0,0.000,0.002,9.749,34.996,0.00
1786332600,ingest,0.00,0.00,0.0,0.000,0.002,9.876,34.868,0.00
1786332605,ingest,0.00,0.00,0.0,0.000,0.002,10.063,34.679,0.00
1786332610,ingest,0.00,0.00,0.0,0.000,0.002,10.126,34.615,0.00
1786332616,ingest,0.00,0.00,0.0,0.000,0.002,10.313,34.426,0.00
1786332621,ingest,0.00,0.00,0.0,0.000,0.002,10.439,34.300,0.00
1786332626,ingest,0.00,0.00,0.0,0.000,0.002,10.501,34.236,0.00
1786332631,ingest,0.00,0.00,0.0,0.000,0.002,10.564,34.174,0.00
1786332636,ingest,0.00,0.00,0.0,0.000,0.002,10.751,33.983,0.00
1786332641,ingest,0.00,0.00,0.0,0.000,0.002,10.940,33.794,0.00
1786332646,ingest,0.00,0.00,0.0,0.000,0.002,11.128,33.605,0.00
1786332651,ingest,0.00,0.00,0.0,0.000,0.002,11.253,33.480,0.00
1786332656,ingest,0.00,0.00,0.0,0.000,0.002,11.441,33.293,0.00
1786332661,ingest,0.00,0.00,0.0,0.000,0.002,11.503,33.230,0.00
1786332666,ingest,0.00,0.00,0.0,0.000,0.002,11.691,33.040,0.00
1786332671,ingest,0.00,0.00,0.0,0.000,0.002,11.816,32.911,0.00
1786332676,ingest,0.00,0.00,0.0,0.000,0.002,12.005,32.723,0.00
1786332681,ingest,0.00,0.00,0.0,0.000,0.002,12.130,32.593,0.00
1786332686,ingest,0.00,0.00,0.0,0.000,0.002,12.257,32.467,0.00
1786332691,ingest,0.00,0.00,0.0,0.000,0.002,12.383,32.341,0.00
1786332696,ingest,0.00,0.00,0.0,0.000,0.002,12.571,32.151,0.00
1786332701,ingest,0.00,0.00,0.0,0.000,0.002,12.633,32.085,0.00
1786332707,ingest,0.00,0.00,0.0,0.000,0.002,12.835,31.883,0.00
1786332712,ingest,0.00,0.00,0.0,0.000,0.002,12.960,31.761,0.00
1786332717,ingest,0.00,0.00,0.0,0.000,0.002,13.085,31.634,0.00
1786332722,ingest,0.00,0.00,0.0,0.000,0.002,13.210,31.507,0.00
1786332727,ingest,0.00,0.00,0.0,0.000,0.002,13.398,31.318,0.00
1786332732,ingest,0.00,0.00,0.0,0.000,0.002,13.523,31.190,0.00
1786332737,ingest,0.00,0.00,0.0,0.000,0.002,13.711,30.998,0.00
1786332742,ingest,0.00,0.00,0.0,0.000,0.002,13.836,30.874,0.00
1786332747,ingest,0.00,0.00,0.0,0.000,0.002,13.961,30.746,0.00
1786332752,ingest,0.00,0.00,0.0,0.000,0.002,14.148,30.558,0.00
1786332757,ingest,0.00,0.00,0.0,0.000,0.002,14.274,30.430,0.00
1786332762,ingest,0.00,0.00,0.0,0.000,0.002,14.461,30.241,0.00
1786332767,ingest,0.00,0.00,0.0,0.000,0.002,14.586,30.114,0.00
1786332772,ingest,0.00,0.00,0.0,0.000,0.002,14.649,30.049,0.00
1786332777,ingest,0.00,0.00,0.0,0.000,0.002,14.837,29.858,0.00
1786332782,ingest,0.00,0.00,0.0,0.000,0.002,14.962,29.730,0.00
1786332787,ingest,0.00,0.00,0.0,0.000,0.002,15.087,29.606,0.00
1786332792,ingest,0.00,0.00,0.0,0.000,0.002,15.149,29.542,0.00
1786332797,ingest,0.00,0.00,0.0,0.000,0.002,15.337,29.351,0.00
1786332803,ingest,0.00,0.00,0.0,0.000,0.002,15.462,29.229,0.00
1786332808,ingest,0.00,0.00,0.0,0.000,0.002,15.587,29.104,0.00
1786332813,ingest,0.00,0.00,0.0,0.000,0.002,15.775,28.913,0.00
1786332818,ingest,0.00,0.00,0.0,0.000,0.002,15.963,28.726,0.00
1786332823,ingest,0.00,0.00,0.0,0.000,0.002,16.150,28.539,0.00
1786332828,ingest,0.00,0.00,0.0,0.000,0.002,16.275,28.411,0.00
1786332833,ingest,0.00,0.00,0.0,0.000,0.002,16.401,28.285,0.00
1786332838,ingest,0.00,0.00,0.0,0.000,0.002,16.526,28.158,0.00
1786332843,ingest,0.00,0.00,0.0,0.000,0.002,16.651,28.033,0.00
1786332848,ingest,0.00,0.00,0.0,0.000,0.002,16.776,27.906,0.00
1786332853,ingest,0.00,0.00,0.0,0.000,0.002,16.901,27.778,0.00
1786332858,ingest,0.00,0.00,0.0,0.000,0.002,17.026,27.651,0.00
1786332863,ingest,0.00,0.00,0.0,0.000,0.002,17.151,27.519,0.06
1786332868,ingest,0.00,0.00,0.0,0.000,0.002,17.276,27.394,0.00
1786332873,ingest,0.00,0.00,0.0,0.000,0.002,17.464,27.205,0.00
1786332878,ingest,0.00,0.00,0.0,0.000,0.002,17.589,27.078,0.00
1786332883,ingest,0.00,0.00,0.0,0.000,0.002,17.714,26.952,0.00
1786332888,ingest,0.00,0.00,0.0,0.000,0.002,17.969,26.697,0.00
1786332893,ingest,0.00,0.00,0.0,0.000,0.002,18.031,26.633,0.00
1786332899,ingest,0.00,0.00,0.0,0.000,0.002,18.156,26.502,0.00
1786332904,ingest,0.00,0.00,0.0,0.000,0.002,18.281,26.375,0.00
1786332909,ingest,0.00,0.00,0.0,0.000,0.002,18.407,26.246,0.00
1786332914,ingest,0.00,0.00,0.0,0.000,0.002,18.532,26.118,0.00
1786332919,ingest,0.00,0.00,0.0,0.000,0.002,18.657,25.989,0.00
1786332924,ingest,0.00,0.00,0.0,0.000,0.002,18.844,25.797,0.00
1786332929,ingest,0.00,0.00,0.0,0.000,0.002,18.907,25.734,0.00
1786332934,ingest,0.00,0.00,0.0,0.000,0.002,19.095,25.544,0.00
1786332939,ingest,0.00,0.00,0.0,0.000,0.002,19.157,25.480,0.00
1786332944,ingest,0.00,0.00,0.0,0.000,0.002,19.345,25.288,0.00
1786332949,ingest,0.00,0.00,0.0,0.000,0.002,19.470,25.159,0.00
1786332954,ingest,0.00,0.00,0.0,0.000,0.002,19.595,25.032,0.00
1786332959,ingest,0.00,0.00,0.0,0.000,0.002,19.720,24.905,0.00
1786332964,ingest,0.00,0.00,0.0,0.000,0.002,19.845,24.783,0.00
1786332969,ingest,0.00,0.00,0.0,0.000,0.002,20.033,24.604,0.00
1786332974,ingest,0.00,0.00,0.0,0.000,0.002,20.158,24.482,0.00
1786332979,ingest,0.00,0.00,0.0,0.000,0.002,20.346,24.301,0.00
1786332984,ingest,0.00,0.00,0.0,0.000,0.002,20.532,24.118,0.00
1786332989,ingest,0.00,0.00,0.0,0.000,0.002,20.657,23.993,0.00
1786332995,ingest,0.00,0.00,0.0,0.000,0.002,20.782,23.867,0.00
1786333000,ingest,0.00,0.00,0.0,0.000,0.002,20.907,23.740,0.00
1786333005,ingest,0.00,0.00,0.0,0.000,0.002,21.032,23.613,0.00
1786333010,ingest,0.00,0.00,0.0,0.000,0.002,21.157,23.485,0.00
1786333015,ingest,0.00,0.00,0.0,0.000,0.002,21.282,23.358,0.00
1786333020,ingest,0.00,0.00,0.0,0.000,0.002,21.470,23.170,0.00
1786333025,ingest,0.00,0.00,0.0,0.000,0.002,21.595,23.045,0.00
1786333030,ingest,0.00,0.00,0.0,0.000,0.002,21.783,22.858,0.00
1786333035,ingest,0.00,0.00,0.0,0.000,0.002,21.908,22.731,0.00
1786333040,ingest,0.00,0.00,0.0,0.000,0.002,22.095,22.541,0.00
1786333045,ingest,0.00,0.00,0.0,0.000,0.002,22.221,22.414,0.00
1786333050,ingest,0.00,0.00,0.0,0.000,0.002,22.346,22.288,0.00
1786333055,ingest,0.00,0.00,0.0,0.000,0.002,22.471,22.162,0.00
1786333060,ingest,0.00,0.00,0.0,0.000,0.002,22.596,22.035,0.00
1786333065,ingest,0.00,0.00,0.0,0.000,0.002,22.784,21.843,0.00
1786333070,ingest,0.00,0.00,0.0,0.000,0.002,22.978,21.646,0.00
1786333075,ingest,0.00,0.00,0.0,0.000,0.002,23.097,21.526,0.00
1786333080,ingest,0.00,0.00,0.0,0.000,0.002,23.285,21.340,0.00
1786333086,ingest,0.00,0.00,0.0,0.000,0.002,23.410,21.214,0.00
1786333091,ingest,0.00,0.00,0.0,0.000,0.002,23.535,21.087,0.00
1786333096,ingest,0.00,0.00,0.0,0.000,0.002,23.660,20.959,0.00
1786333101,ingest,0.00,0.00,0.0,0.000,0.002,23.835,20.774,0.00
1786333107,ingest,0.00,0.00,0.1,0.000,0.002,23.961,20.652,0.00
1786333112,ingest,0.00,0.00,0.0,0.000,0.002,24.149,20.464,0.00
1786333117,ingest,0.00,0.00,0.0,0.000,0.002,24.275,20.339,0.00
1786333122,ingest,0.00,0.00,0.0,0.000,0.002,24.400,20.213,0.00
1786333127,ingest,0.00,0.00,0.0,0.000,0.002,24.525,20.080,0.00
1786333132,ingest,0.00,0.00,0.0,0.000,0.002,24.713,19.891,0.00
1786333137,ingest,0.00,0.00,0.0,0.000,0.002,24.853,19.750,0.00
1786333142,ingest,0.00,0.00,0.0,0.000,0.002,25.041,19.563,0.00
1786333147,ingest,0.00,0.00,0.0,0.000,0.002,25.166,19.435,0.00
1786333152,ingest,0.00,0.00,0.0,0.000,0.002,25.291,19.305,0.00
1786333158,ingest,0.00,0.00,0.0,0.000,0.002,25.541,19.054,0.00
1786333163,ingest,0.00,0.00,0.0,0.000,0.002,25.667,18.909,0.06
1786333168,ingest,0.00,0.00,0.0,0.000,0.002,25.854,18.721,0.00
1786333173,ingest,0.00,0.00,0.0,0.000,0.002,26.042,18.529,0.00
1786333178,ingest,0.00,0.00,0.0,0.000,0.002,26.167,18.402,0.00
1786333183,ingest,0.00,0.00,0.0,0.000,0.002,26.359,18.209,0.00
1786333188,ingest,0.00,0.00,0.0,0.000,0.002,26.547,18.019,0.00
1786333193,ingest,0.00,0.00,0.0,0.000,0.002,26.672,17.889,0.00
1786333198,ingest,0.00,0.00,0.0,0.000,0.002,26.797,17.763,0.00
1786333203,ingest,0.00,0.00,0.0,0.000,0.002,26.985,17.574,0.00
1786333208,ingest,0.00,0.00,0.0,0.000,0.002,27.111,17.454,0.00
1786333213,idle,0.00,0.00,0.0,0.000,0.002,27.111,17.730,0.00
1786333218,bench_chimod,0.00,0.00,0.0,0.000,0.002,27.141,17.702,6.32
1786333223,bench_chimod,0.00,0.00,0.0,0.000,0.002,39.988,16.669,0.00
1786333228,bench_chimod,0.00,0.00,0.0,0.000,0.002,53.304,16.461,0.00
1786333233,bench_chimod,0.00,0.00,0.0,0.000,0.002,54.798,16.401,0.00
1786333238,bench_chimod,0.00,0.00,0.0,0.000,0.002,54.873,16.325,0.00
1786333243,bench_chimod,0.00,0.00,0.0,0.000,0.002,54.900,16.299,0.00
1786333248,bench_chimod,0.00,0.00,0.0,0.000,0.002,54.902,16.298,0.00
1786333254,idle,0.00,0.00,0.0,0.000,0.002,0.000,16.309,0.00
1786333259,idle,0.01,0.00,0.2,0.000,0.002,0.000,44.898,0.01
1786333264,ingest,0.00,0.00,0.1,0.000,0.002,0.316,44.448,26.59
1786333269,ingest,0.00,0.00,0.1,0.000,0.002,0.573,44.189,0.00
1786333274,ingest,0.00,0.00,0.0,0.000,0.002,0.722,44.036,0.00
1786333279,ingest,0.00,0.00,0.0,0.000,0.002,0.931,43.829,0.00
1786333284,ingest,0.00,0.00,0.0,0.000,0.002,1.064,43.700,0.00
1786333289,ingest,0.00,0.00,0.0,0.000,0.002,1.252,43.512,0.00
1786333294,ingest,0.00,0.00,0.0,0.000,0.002,1.440,43.326,0.00
1786333299,ingest,0.00,0.01,0.1,0.000,0.002,1.571,43.196,0.00
1786333304,ingest,0.00,0.00,0.0,0.000,0.002,1.822,42.943,0.00
1786333309,ingest,0.00,0.00,0.0,0.000,0.002,2.006,42.759,0.00
1786333314,ingest,0.00,0.00,0.0,0.000,0.002,2.137,42.627,0.00
1786333319,ingest,0.00,0.00,0.0,0.000,0.002,2.325,42.440,0.00
1786333324,ingest,0.00,0.00,0.0,0.000,0.002,2.450,42.314,0.00
1786333329,ingest,0.00,0.00,0.1,0.000,0.002,2.575,42.187,0.00
1786333334,ingest,0.00,0.00,0.0,0.000,0.002,2.701,42.062,0.00
1786333339,ingest,0.00,0.00,0.0,0.000,0.002,2.888,41.875,0.00
1786333345,ingest,0.00,0.00,0.0,0.000,0.002,3.013,41.750,0.00
1786333350,ingest,0.00,0.00,0.0,0.000,0.002,3.139,41.625,0.00
1786333355,ingest,0.00,0.00,0.0,0.000,0.002,3.264,41.496,0.00
1786333360,ingest,0.00,0.00,0.1,0.000,0.002,3.522,41.236,0.00
1786333365,ingest,0.00,0.00,0.0,0.000,0.002,3.649,41.106,0.00
1786333370,ingest,0.00,0.00,0.0,0.000,0.002,3.712,41.042,0.00
1786333375,ingest,0.00,0.00,0.0,0.000,0.002,3.837,40.915,0.00
1786333380,ingest,0.00,0.00,0.0,0.000,0.002,3.962,40.790,0.00
1786333385,ingest,0.00,0.00,0.0,0.000,0.002,4.090,40.661,0.00
1786333390,ingest,0.00,0.00,0.0,0.000,0.002,4.215,40.535,0.00
1786333395,ingest,0.00,0.00,0.0,0.000,0.002,4.340,40.410,0.00
1786333400,ingest,0.00,0.00,0.0,0.000,0.002,4.538,40.211,0.00
1786333405,ingest,0.00,0.00,0.0,0.000,0.002,4.725,40.021,0.00
1786333410,ingest,0.00,0.00,0.0,0.000,0.002,4.850,39.893,0.00
1786333415,ingest,0.00,0.00,0.0,0.000,0.002,5.038,39.704,0.00
1786333420,ingest,0.00,0.00,0.0,0.000,0.002,5.163,39.576,0.00
1786333425,ingest,0.00,0.00,0.0,0.000,0.002,5.288,39.450,0.00
1786333430,ingest,0.00,0.00,0.0,0.000,0.002,5.351,39.387,0.00
1786333436,ingest,0.00,0.00,0.0,0.000,0.002,5.539,39.198,0.00
1786333441,ingest,0.00,0.00,0.0,0.000,0.002,5.664,39.071,0.00
1786333446,ingest,0.00,0.00,0.0,0.000,0.002,5.789,38.941,0.00
1786333451,ingest,0.00,0.00,0.0,0.000,0.002,5.852,38.877,0.00
1786333456,ingest,0.00,0.00,0.0,0.000,0.002,5.977,38.749,0.00
1786333461,ingest,0.00,0.00,0.0,0.000,0.002,6.168,38.554,0.00
1786333466,ingest,0.00,0.00,0.0,0.000,0.002,6.231,38.489,0.00
1786333471,ingest,0.00,0.00,0.0,0.000,0.002,6.470,38.245,0.00
1786333476,ingest,0.00,0.00,0.0,0.000,0.002,6.544,38.170,0.00
1786333481,ingest,0.00,0.00,0.0,0.000,0.002,6.731,37.981,0.00
1786333486,ingest,0.00,0.00,0.0,0.000,0.002,6.857,37.852,0.00
1786333491,ingest,0.00,0.00,0.0,0.000,0.002,7.044,37.662,0.00
1786333496,ingest,0.00,0.00,0.0,0.000,0.002,7.107,37.599,0.00
1786333501,ingest,0.00,0.00,0.0,0.000,0.002,7.170,37.537,0.00
1786333506,ingest,0.00,0.00,0.0,0.000,0.002,7.295,37.411,0.00
1786333511,ingest,0.00,0.00,0.0,0.000,0.002,7.420,37.284,0.00
1786333516,ingest,0.00,0.00,0.0,0.000,0.002,7.482,37.221,0.00
1786333521,ingest,0.00,0.00,0.0,0.000,0.002,7.607,37.098,0.00
1786333526,ingest,0.00,0.00,0.0,0.000,0.002,7.732,36.971,0.00
1786333532,ingest,0.00,0.00,0.0,0.000,0.002,7.858,36.844,0.00
1786333537,ingest,0.00,0.00,0.0,0.000,0.002,7.985,36.716,0.00
1786333542,ingest,0.00,0.00,0.0,0.000,0.002,8.110,36.588,0.00
1786333547,ingest,0.00,0.00,0.0,0.000,0.002,8.173,36.523,0.00
1786333552,ingest,0.00,0.00,0.0,0.000,0.002,8.362,36.332,0.00
1786333557,ingest,0.00,0.00,0.0,0.000,0.002,8.424,36.270,0.00
1786333562,ingest,0.00,0.00,0.0,0.000,0.002,8.612,36.068,0.04
1786333567,ingest,0.00,0.00,0.0,0.000,0.002,8.737,35.941,0.02
1786333572,ingest,0.00,0.00,0.0,0.000,0.002,9.397,35.280,0.00
1786333577,ingest,0.00,0.00,0.0,0.000,0.002,15.084,29.543,0.00
1786333582,ingest,0.00,0.00,0.0,0.000,0.002,17.905,26.725,0.00
1786333587,ingest,0.00,0.00,0.0,0.000,0.002,17.968,26.662,0.00
1786333592,ingest,0.00,0.00,0.0,0.000,0.002,18.030,26.598,0.00
1786333597,ingest,0.00,0.00,0.0,0.000,0.002,18.030,26.601,0.00
1786333602,ingest,0.00,0.00,0.0,0.000,0.002,18.093,26.539,0.00
1786333607,ingest,0.00,0.00,0.0,0.000,0.002,18.155,26.476,0.00
1786333612,ingest,0.00,0.00,0.0,0.000,0.002,18.218,26.416,0.00
1786333617,ingest,0.00,0.00,0.0,0.000,0.002,18.218,26.416,0.00
1786333622,ingest,0.00,0.00,0.0,0.000,0.002,18.281,26.352,0.00
1786333628,ingest,0.00,0.00,0.0,0.000,0.002,18.343,26.293,0.00
1786333633,ingest,0.00,0.00,0.0,0.000,0.002,18.406,26.229,0.00
1786333638,ingest,0.00,0.00,0.0,0.000,0.002,18.468,26.165,0.00
1786333643,ingest,0.00,0.00,0.0,0.000,0.002,18.530,26.104,0.00
1786333648,ingest,0.00,0.00,0.0,0.000,0.002,18.530,26.104,0.00
1786333653,ingest,0.00,0.00,0.0,0.000,0.002,18.592,26.041,0.00
1786333658,ingest,0.00,0.00,0.0,0.000,0.002,18.655,25.980,0.00
1786333663,ingest,0.00,0.00,0.0,0.000,0.002,18.717,25.917,0.00
1786333668,ingest,0.00,0.00,0.0,0.000,0.002,18.717,25.917,0.00
1786333673,ingest,0.00,0.00,0.0,0.000,0.002,18.780,25.854,0.00
1786333678,ingest,0.00,0.00,0.0,0.000,0.002,18.843,25.793,0.00
1786333683,ingest,0.00,0.00,0.0,0.000,0.002,18.905,25.729,0.00
1786333688,ingest,0.00,0.00,0.0,0.000,0.002,18.905,25.730,0.00
1786333693,ingest,0.00,0.00,0.0,0.000,0.002,18.968,25.667,0.00
1786333698,ingest,0.00,0.00,0.0,0.000,0.002,19.030,25.607,0.00
1786333703,ingest,0.00,0.00,0.0,0.000,0.002,19.093,25.546,0.00
1786333708,ingest,0.00,0.00,0.0,0.000,0.002,19.093,25.547,0.00
1786333713,ingest,0.00,0.00,0.0,0.000,0.002,19.156,25.485,0.00
1786333719,ingest,0.00,0.00,0.0,0.000,0.002,19.218,25.425,0.00
1786333724,ingest,0.00,0.00,0.0,0.000,0.002,19.281,25.361,0.00
1786333729,ingest,0.00,0.00,0.0,0.000,0.002,19.281,25.362,0.00
1786333734,ingest,0.00,0.00,0.0,0.000,0.002,19.343,25.299,0.00
1786333739,ingest,0.00,0.00,0.0,0.000,0.002,19.343,25.298,0.00
1786333744,ingest,0.00,0.00,0.0,0.000,0.002,19.406,25.234,0.00
1786333749,ingest,0.00,0.00,0.0,0.000,0.002,19.468,25.170,0.00
1786333754,ingest,0.00,0.00,0.0,0.000,0.002,19.531,25.109,0.00
1786333759,ingest,0.00,0.00,0.0,0.000,0.002,19.594,25.047,0.00
1786333764,ingest,0.00,0.00,0.0,0.000,0.002,19.594,25.050,0.00
1786333769,ingest,0.00,0.00,0.0,0.000,0.002,19.656,24.987,0.00
1786333774,ingest,0.00,0.00,0.0,0.000,0.002,19.719,24.924,0.00
1786333779,ingest,0.00,0.00,0.0,0.000,0.002,19.781,24.862,0.00
1786333784,ingest,0.00,0.00,0.0,0.000,0.002,19.781,24.861,0.00
1786333789,ingest,0.00,0.00,0.0,0.000,0.002,19.844,24.798,0.00
1786333794,ingest,0.00,0.00,0.0,0.000,0.002,19.969,24.672,0.00
1786333799,ingest,0.00,0.00,0.0,0.000,0.002,20.094,24.549,0.00
1786333804,ingest,0.00,0.00,0.0,0.000,0.002,20.282,24.359,0.00
1786333809,ingest,0.00,0.00,0.0,0.000,0.002,20.407,24.235,0.00
1786333815,ingest,0.00,0.00,0.0,0.000,0.002,20.594,24.045,0.00
1786333820,ingest,0.00,0.00,0.0,0.000,0.002,20.720,23.918,0.00
1786333825,ingest,0.00,0.00,0.0,0.000,0.002,20.782,23.855,0.00
1786333830,ingest,0.00,0.00,0.0,0.000,0.002,20.907,23.730,0.00
1786333835,ingest,0.00,0.00,0.0,0.000,0.002,21.029,23.611,0.00
1786333840,ingest,0.00,0.00,0.0,0.000,0.002,21.095,23.544,0.00
1786333845,ingest,0.00,0.00,0.0,0.000,0.002,21.158,23.479,0.00
1786333850,ingest,0.00,0.00,0.0,0.000,0.002,21.220,23.416,0.00
1786333855,ingest,0.00,0.00,0.0,0.000,0.002,21.283,23.354,0.00
1786333860,ingest,0.00,0.00,0.0,0.000,0.002,21.470,23.163,0.00
1786333865,ingest,0.00,0.00,0.0,0.000,0.002,21.533,23.085,0.06
1786333870,ingest,0.00,0.00,0.0,0.000,0.002,21.533,23.085,0.00
1786333875,ingest,0.00,0.00,0.0,0.000,0.002,21.595,23.024,0.00
1786333880,ingest,0.00,0.00,0.0,0.000,0.002,21.658,22.960,0.00
1786333886,ingest,0.00,0.00,0.0,0.000,0.002,21.720,22.895,0.00
1786333891,ingest,0.00,0.00,0.0,0.000,0.002,21.721,22.895,0.00
1786333896,ingest,0.00,0.00,0.0,0.000,0.002,21.783,22.833,0.00
1786333901,ingest,0.00,0.00,0.0,0.000,0.002,21.846,22.772,0.00
1786333906,ingest,0.00,0.00,0.0,0.000,0.002,21.846,22.772,0.00
1786333911,ingest,0.00,0.00,0.0,0.000,0.002,21.908,22.709,0.00
1786333916,ingest,0.00,0.00,0.0,0.000,0.002,21.908,22.709,0.00
1786333921,ingest,0.00,0.00,0.0,0.000,0.002,21.971,22.646,0.00
1786333926,ingest,0.00,0.00,0.0,0.000,0.002,21.971,22.648,0.00
1786333931,ingest,0.00,0.00,0.0,0.000,0.002,22.034,22.586,0.00
1786333936,ingest,0.00,0.00,0.0,0.000,0.002,22.096,22.522,0.00
1786333941,ingest,0.00,0.00,0.0,0.000,0.002,22.158,22.459,0.00
1786333946,ingest,0.00,0.00,0.0,0.000,0.002,22.221,22.395,0.00
1786333951,ingest,0.00,0.00,0.0,0.000,0.002,22.284,22.332,0.00
1786333956,ingest,0.00,0.00,0.0,0.000,0.002,22.284,22.330,0.00
1786333961,ingest,0.00,0.00,0.0,0.000,0.002,22.346,22.269,0.00
1786333966,ingest,0.00,0.00,0.0,0.000,0.002,22.409,22.206,0.00
1786333971,ingest,0.00,0.00,0.0,0.000,0.002,22.471,22.142,0.00
1786333976,ingest,0.00,0.00,0.0,0.000,0.002,22.471,22.142,0.00
1786333982,ingest,0.00,0.00,0.0,0.000,0.002,22.534,22.079,0.00
1786333987,ingest,0.00,0.00,0.0,0.000,0.002,22.596,22.017,0.00
1786333992,ingest,0.00,0.00,0.0,0.000,0.002,22.597,22.016,0.00
1786333997,ingest,0.00,0.00,0.0,0.000,0.002,22.659,21.952,0.00
1786334002,ingest,0.00,0.00,0.0,0.000,0.002,22.722,21.891,0.00
1786334007,ingest,0.00,0.00,0.0,0.000,0.002,22.784,21.828,0.00
1786334012,ingest,0.00,0.00,0.0,0.000,0.002,22.784,21.826,0.00
1786334017,ingest,0.00,0.00,0.0,0.000,0.002,22.847,21.761,0.00
1786334022,ingest,0.00,0.00,0.0,0.000,0.002,22.973,21.635,0.00
1786334027,ingest,0.00,0.00,0.0,0.000,0.002,23.035,21.571,0.00
1786334032,ingest,0.00,0.00,0.0,0.000,0.002,23.098,21.509,0.00
1786334037,ingest,0.00,0.00,0.0,0.000,0.002,23.098,21.510,0.00
1786334042,ingest,0.00,0.00,0.0,0.000,0.002,23.160,21.447,0.00
1786334047,ingest,0.00,0.00,0.0,0.000,0.002,23.223,21.382,0.00
1786334052,ingest,0.00,0.00,0.0,0.000,0.002,23.286,21.322,0.00
1786334057,ingest,0.00,0.00,0.0,0.000,0.002,23.348,21.261,0.00
1786334062,ingest,0.00,0.00,0.0,0.000,0.002,23.348,21.260,0.00
1786334067,ingest,0.00,0.00,0.0,0.000,0.002,23.411,21.197,0.00
1786334072,ingest,0.00,0.00,0.0,0.000,0.002,23.411,21.197,0.00
1786334078,ingest,0.00,0.00,0.0,0.000,0.002,23.473,21.134,0.00
1786334083,ingest,0.00,0.00,0.0,0.000,0.002,23.473,21.135,0.00
1786334088,ingest,0.00,0.00,0.0,0.000,0.002,23.536,21.072,0.00
1786334093,ingest,0.00,0.00,0.0,0.000,0.002,23.598,21.011,0.00
1786334098,ingest,0.00,0.00,0.0,0.000,0.002,23.661,20.947,0.00
1786334103,ingest,0.00,0.00,0.0,0.000,0.002,23.661,20.947,0.00
1786334108,ingest,0.00,0.00,0.0,0.000,0.002,23.724,20.883,0.00
1786334113,ingest,0.00,0.00,0.0,0.000,0.002,23.786,20.819,0.00
1786334118,ingest,0.00,0.00,0.0,0.000,0.002,23.849,20.757,0.00
1786334123,ingest,0.00,0.00,0.0,0.000,0.002,23.907,20.696,0.00
1786334128,ingest,0.00,0.00,0.0,0.000,0.002,23.970,20.633,0.00
1786334133,ingest,0.00,0.00,0.0,0.000,0.002,24.032,20.572,0.00
1786334138,ingest,0.00,0.00,0.0,0.000,0.002,24.032,20.571,0.00
1786334143,ingest,0.00,0.00,0.0,0.000,0.002,24.095,20.507,0.00
1786334148,ingest,0.00,0.00,0.0,0.000,0.002,24.157,20.445,0.00
1786334153,ingest,0.00,0.00,0.0,0.000,0.002,24.220,20.382,0.00
1786334158,ingest,0.00,0.00,0.0,0.000,0.002,24.283,20.323,0.00
1786334163,ingest,0.00,0.00,0.0,0.000,0.002,24.345,20.262,0.06
1786334168,ingest,0.00,0.00,0.0,0.000,0.002,24.345,20.260,0.00
1786334174,ingest,0.00,0.00,0.0,0.000,0.002,24.408,20.196,0.00
1786334179,ingest,0.00,0.00,0.0,0.000,0.002,24.408,20.197,0.00
1786334184,ingest,0.00,0.00,0.0,0.000,0.002,24.470,20.134,0.00
1786334189,ingest,0.00,0.00,0.0,0.000,0.002,24.532,20.073,0.00
1786334194,ingest,0.00,0.00,0.0,0.000,0.002,24.532,20.074,0.00
1786334199,ingest,0.00,0.00,0.0,0.000,0.002,24.595,20.011,0.00
1786334204,ingest,0.00,0.00,0.0,0.000,0.002,24.595,20.010,0.00
1786334209,ingest,0.00,0.00,0.0,0.000,0.002,24.657,19.945,0.00
1786334214,ingest,0.00,0.00,0.0,0.000,0.002,24.720,19.881,0.00
1786334219,ingest,0.00,0.00,0.0,0.000,0.002,24.797,19.804,0.00
1786334224,ingest,0.00,0.00,0.0,0.000,0.002,24.860,19.740,0.00
1786334229,ingest,0.00,0.00,0.0,0.000,0.002,24.923,19.677,0.00
1786334234,ingest,0.00,0.00,0.0,0.000,0.002,24.985,19.614,0.00
1786334239,ingest,0.00,0.00,0.0,0.000,0.002,25.048,19.552,0.00
1786334244,ingest,0.00,0.00,0.0,0.000,0.002,25.110,19.489,0.00
1786334249,ingest,0.00,0.00,0.0,0.000,0.002,25.173,19.425,0.00
1786334254,ingest,0.00,0.00,0.0,0.000,0.002,25.235,19.362,0.00
1786334259,ingest,0.00,0.00,0.0,0.000,0.002,25.235,19.362,0.00
1786334265,ingest,0.00,0.00,0.0,0.000,0.002,25.298,19.298,0.00
1786334270,ingest,0.00,0.00,0.0,0.000,0.002,25.360,19.236,0.00
1786334275,ingest,0.00,0.00,0.0,0.000,0.002,25.423,19.173,0.00
1786334280,ingest,0.00,0.00,0.0,0.000,0.002,25.485,19.109,0.00
1786334285,ingest,0.00,0.00,0.0,0.000,0.002,25.548,19.047,0.00
1786334290,ingest,0.00,0.00,0.0,0.000,0.002,25.610,18.983,0.00
1786334295,ingest,0.00,0.00,0.0,0.000,0.002,25.611,18.983,0.00
1786334300,ingest,0.00,0.00,0.0,0.000,0.002,25.673,18.920,0.00
1786334305,ingest,0.00,0.00,0.0,0.000,0.002,25.860,18.738,0.00
1786334310,ingest,0.00,0.00,0.0,0.000,0.002,25.987,18.613,0.00
1786334315,ingest,0.00,0.00,0.0,0.000,0.002,26.112,18.535,0.00
1786334320,ingest,0.00,0.00,0.0,0.000,0.002,26.304,18.335,0.00
1786334325,ingest,0.00,0.00,0.0,0.000,0.002,26.491,18.141,0.00
1786334330,ingest,0.00,0.00,0.0,0.000,0.002,26.679,17.950,0.00
1786334335,ingest,0.00,0.00,0.0,0.000,0.002,26.805,17.822,0.00
1786334340,ingest,0.00,0.00,0.0,0.000,0.002,26.930,17.697,0.00
1786334345,ingest,0.00,0.00,0.0,0.000,0.002,27.118,17.508,0.00
1786334351,ingest,0.00,0.00,0.0,0.000,0.002,27.118,17.785,0.00
1786334356,bench_mixed,0.00,0.00,0.0,0.000,0.002,33.258,16.898,6.33
1786334361,bench_mixed,0.00,0.00,0.0,0.000,0.002,46.681,16.594,0.00
1786334366,bench_mixed,0.00,0.00,0.0,0.000,0.002,54.765,16.476,0.00
1786334371,bench_mixed,0.00,0.00,0.0,0.000,0.002,54.843,16.398,0.00
1786334376,bench_mixed,0.00,0.00,0.0,0.000,0.002,54.905,16.335,0.00
1786334381,bench_mixed,0.00,0.00,0.0,0.000,0.002,54.906,16.334,0.00
1786334386,bench_mixed,0.00,0.00,0.0,0.000,0.002,54.918,16.323,0.00
1786334391,bench_mixed,0.00,0.00,0.0,0.000,0.002,55.024,16.213,0.00
1786334396,bench_mixed,0.00,0.00,0.0,0.000,0.002,55.063,16.174,0.00
1786334401,bench_mixed,0.00,0.00,0.0,0.000,0.002,55.087,16.148,0.00
1786334406,bench_mixed,0.00,0.00,0.0,0.000,0.002,55.140,16.095,0.00
1786334411,bench_mixed,0.00,0.00,0.0,0.000,0.002,55.151,16.084,0.00
1786334416,bench_mixed,0.00,0.00,0.0,0.000,0.002,55.178,16.057,0.00
1786334421,bench_mixed,0.00,0.00,0.0,0.000,0.002,55.235,16.001,0.00
1786334426,bench_mixed,0.00,0.00,0.0,0.000,0.002,55.242,15.993,0.00
1786334431,bench_mixed,0.00,0.00,0.0,0.000,0.002,55.247,15.988,0.00
1786334436,bench_mixed,0.00,0.00,0.0,0.000,0.002,55.267,15.968,0.00
1786334441,bench_mixed,0.00,0.00,0.0,0.000,0.002,55.289,15.945,0.00
1786334447,bench_mixed,0.00,0.00,0.0,0.000,0.002,55.322,15.912,0.00
1786334452,bench_mixed,0.00,0.00,0.0,0.000,0.002,55.360,15.875,0.00
1786334457,bench_mixed,0.00,0.00,0.0,0.000,0.002,55.363,15.871,0.00
1786334462,bench_mixed,0.00,0.00,0.0,0.000,0.002,55.364,15.847,0.03
1786334467,bench_mixed,0.00,0.00,0.0,0.000,0.002,55.369,15.838,0.02
1786334472,bench_mixed,0.00,0.00,0.0,0.000,0.002,55.382,15.827,0.00
1786334477,bench_mixed,0.00,0.00,0.0,0.000,0.002,55.382,15.827,0.00
1786334482,bench_mixed,0.00,0.00,0.0,0.000,0.002,55.407,15.803,0.00
1786334487,bench_mixed,0.00,0.00,0.0,0.000,0.002,55.444,15.765,0.00
1786334492,bench_mixed,0.00,0.00,0.0,0.000,0.002,55.445,15.764,0.00
1786334497,bench_mixed,0.00,0.00,0.0,0.000,0.002,55.445,15.764,0.00
1786334502,bench_mixed,0.00,0.00,0.0,0.000,0.002,55.445,15.764,0.00
1786334507,bench_mixed,0.00,0.00,0.0,0.000,0.002,55.480,15.729,0.00
1786334512,bench_mixed,0.00,0.00,0.0,0.000,0.002,55.485,15.723,0.00
1786334517,bench_mixed,0.00,0.00,0.0,0.000,0.002,55.505,15.704,0.00
1786334522,bench_mixed,0.00,0.00,0.0,0.000,0.002,55.505,15.704,0.00
1786334527,bench_mixed,0.00,0.00,0.0,0.000,0.002,55.506,15.703,0.00
1786334532,bench_mixed,0.00,0.00,0.0,0.000,0.002,55.519,15.691,0.00
1786334538,bench_mixed,0.00,0.00,0.0,0.000,0.002,55.519,15.690,0.00
1786334543,bench_mixed,0.00,0.00,0.0,0.000,0.002,55.529,15.681,0.00
1786334548,bench_mixed,0.00,0.00,0.0,0.000,0.002,55.555,15.654,0.00
1786334553,bench_mixed,0.00,0.00,0.0,0.000,0.002,55.568,15.642,0.00
1786334558,bench_mixed,0.00,0.00,0.0,0.000,0.002,55.568,15.642,0.00
1786334563,bench_mixed,0.00,0.00,0.0,0.000,0.002,55.568,15.642,0.00
1786334568,bench_mixed,0.00,0.00,0.0,0.000,0.002,55.570,15.640,0.00
1786334573,bench_mixed,0.00,0.00,0.0,0.000,0.002,55.579,15.631,0.00
1786334578,bench_mixed,0.00,0.00,0.0,0.000,0.002,55.583,15.628,0.00
1786334583,bench_mixed,0.00,0.00,0.0,0.000,0.002,55.602,15.608,0.00
1786334588,bench_mixed,0.00,0.00,0.0,0.000,0.002,55.602,15.608,0.00
1786334593,bench_mixed,0.00,0.00,0.0,0.000,0.002,55.602,15.608,0.00
1786334598,bench_mixed,0.00,0.00,0.0,0.000,0.002,55.612,15.598,0.00
1786334603,bench_mixed,0.00,0.00,0.0,0.000,0.002,55.612,15.597,0.00
1786334608,bench_mixed,0.00,0.00,0.0,0.000,0.002,55.622,15.589,0.00
1786334613,bench_mixed,0.00,0.00,0.0,0.000,0.002,55.659,15.553,0.00
1786334618,bench_mixed,0.00,0.00,0.0,0.000,0.002,55.659,15.553,0.00
1786334623,bench_mixed,0.00,0.00,0.0,0.000,0.002,55.659,15.553,0.00
1786334628,bench_mixed,0.00,0.00,0.0,0.000,0.002,55.659,15.553,0.00
1786334634,bench_mixed,0.00,0.00,0.0,0.000,0.002,55.666,15.546,0.00
1786334639,bench_mixed,0.00,0.00,0.0,0.000,0.002,55.667,15.545,0.00
1786334644,bench_mixed,0.00,0.00,0.0,0.000,0.002,55.682,15.530,0.00
1786334649,bench_mixed,0.00,0.00,0.0,0.000,0.002,55.682,15.530,0.00
1786334654,bench_mixed,0.00,0.00,0.0,0.000,0.002,55.682,15.530,0.00
1786334659,bench_mixed,0.00,0.00,0.0,0.000,0.002,55.682,15.530,0.00
1786334664,bench_mixed,0.00,0.00,0.0,0.000,0.002,55.693,15.520,0.00
1786334669,bench_mixed,0.00,0.00,0.0,0.000,0.002,55.693,15.520,0.00
1786334674,bench_mixed,0.00,0.00,0.0,0.000,0.002,55.696,15.517,0.00
1786334679,bench_mixed,0.00,0.00,0.0,0.000,0.002,55.708,15.504,0.00
1786334684,bench_mixed,0.00,0.00,0.0,0.000,0.002,55.708,15.504,0.00
1786334689,bench_mixed,0.00,0.00,0.0,0.000,0.002,55.708,15.505,0.00
1786334694,bench_mixed,0.00,0.00,0.0,0.000,0.002,55.708,15.505,0.00
1786334699,bench_mixed,0.00,0.00,0.0,0.000,0.002,55.716,15.497,0.00
1786334704,bench_mixed,0.00,0.00,0.0,0.000,0.002,55.716,15.497,0.00
1786334709,bench_mixed,0.00,0.00,0.0,0.000,0.002,55.716,15.497,0.00
1786334714,bench_mixed,0.00,0.00,0.0,0.000,0.002,55.716,15.497,0.00
1786334719,bench_mixed,0.00,0.00,0.0,0.000,0.002,55.716,15.496,0.00
1786334724,bench_mixed,0.00,0.00,0.0,0.000,0.002,55.726,15.487,0.00
1786334730,bench_mixed,0.00,0.00,0.0,0.000,0.002,55.726,15.486,0.00
1786334735,bench_mixed,0.00,0.00,0.0,0.000,0.002,55.728,15.485,0.00
1786334740,bench_mixed,0.00,0.00,0.0,0.000,0.002,55.740,15.474,0.00
1786334745,bench_mixed,0.00,0.00,0.0,0.000,0.002,55.741,15.474,0.00
1786334750,bench_mixed,0.00,0.00,0.0,0.000,0.002,55.741,15.473,0.00
1786334755,bench_mixed,0.00,0.00,0.0,0.000,0.002,55.741,15.472,0.00
1786334760,bench_mixed,0.00,0.00,0.0,0.000,0.002,55.741,15.472,0.00
1786334765,bench_mixed,0.00,0.00,0.0,0.000,0.002,55.748,15.451,0.06
1786334770,bench_mixed,0.00,0.00,0.0,0.000,0.002,55.748,15.452,0.00
1786334775,bench_mixed,0.00,0.00,0.0,0.000,0.002,55.748,15.452,0.00
1786334780,bench_mixed,0.00,0.00,0.0,0.000,0.002,55.748,15.451,0.00
1786334785,bench_mixed,0.00,0.00,0.0,0.000,0.002,55.748,15.451,0.00
1786334790,bench_mixed,0.00,0.00,0.0,0.000,0.002,55.757,15.445,0.00
1786334795,bench_mixed,0.00,0.00,0.0,0.000,0.002,55.757,15.444,0.00
1786334800,bench_mixed,0.00,0.00,0.0,0.000,0.002,55.767,15.434,0.00
1786334805,bench_mixed,0.00,0.00,0.0,0.000,0.002,55.779,15.422,0.00
1786334810,bench_mixed,0.00,0.00,0.0,0.000,0.002,55.779,15.422,0.00
1786334815,bench_mixed,0.00,0.00,0.0,0.000,0.002,55.779,15.422,0.00
1786334820,bench_mixed,0.00,0.00,0.0,0.000,0.002,55.779,15.422,0.00
1786334826,bench_mixed,0.00,0.00,0.0,0.000,0.002,55.787,15.415,0.00
1786334831,bench_mixed,0.00,0.00,0.0,0.000,0.002,55.787,15.414,0.00
1786334836,bench_mixed,0.00,0.00,0.0,0.000,0.002,55.787,15.415,0.00
1786334841,bench_mixed,0.00,0.00,0.0,0.000,0.002,55.787,15.415,0.00
1786334846,bench_mixed,0.00,0.00,0.0,0.000,0.002,55.787,15.415,0.00
1786334851,bench_mixed,0.00,0.00,0.0,0.000,0.002,55.787,15.415,0.00
1786334856,bench_mixed,0.00,0.00,0.0,0.000,0.002,55.787,15.415,0.00
1786334861,bench_mixed,0.00,0.00,0.0,0.000,0.002,55.797,15.405,0.00
1786334866,bench_mixed,0.00,0.00,0.0,0.000,0.002,55.799,15.403,0.00
1786334871,bench_mixed,0.00,0.00,0.0,0.000,0.002,55.799,15.403,0.00
1786334876,bench_mixed,0.00,0.00,0.0,0.000,0.002,55.799,15.403,0.00
1786334881,bench_mixed,0.00,0.00,0.0,0.000,0.002,55.799,15.404,0.00
1786334886,bench_mixed,0.00,0.00,0.0,0.000,0.002,55.799,15.404,0.00
1786334891,bench_mixed,0.00,0.00,0.0,0.000,0.002,55.807,15.396,0.00
1786334896,bench_mixed,0.00,0.00,0.0,0.000,0.002,55.807,15.396,0.00
1786334901,bench_mixed,0.00,0.00,0.0,0.000,0.002,55.807,15.396,0.00
1786334906,bench_mixed,0.00,0.00,0.0,0.000,0.002,55.807,15.396,0.00
1786334911,bench_mixed,0.00,0.00,0.0,0.000,0.002,55.807,15.396,0.00
1786334916,bench_mixed,0.00,0.00,0.0,0.000,0.002,55.807,15.396,0.00
1786334922,bench_mixed,0.00,0.00,0.0,0.000,0.002,55.807,15.396,0.00
1786334927,bench_mixed,0.00,0.00,0.0,0.000,0.002,55.816,15.386,0.00
1786334932,bench_mixed,0.00,0.00,0.0,0.000,0.002,55.816,15.386,0.00
1786334937,bench_mixed,0.00,0.00,0.0,0.000,0.002,55.816,15.386,0.00
1786334942,bench_mixed,0.00,0.00,0.0,0.000,0.002,55.816,15.386,0.00
1786334947,bench_mixed,0.00,0.00,0.0,0.000,0.002,55.816,15.385,0.00
1786334952,bench_mixed,0.00,0.00,0.0,0.000,0.002,55.824,15.378,0.00
1786334957,bench_mixed,0.00,0.00,0.0,0.000,0.002,55.824,15.378,0.00
1786334962,bench_mixed,0.00,0.00,0.0,0.000,0.002,55.907,15.295,0.00
1786334967,bench_mixed,0.00,0.00,0.0,0.000,0.002,56.106,15.096,0.00
1786334972,bench_mixed,0.00,0.00,0.0,0.000,0.002,56.173,15.095,0.00
1786334977,bench_mixed,0.00,0.00,0.0,0.000,0.002,56.229,15.095,0.00
1786334982,bench_mixed,0.00,0.00,0.0,0.000,0.002,56.244,15.095,0.00
1786334987,bench_mixed,0.00,0.00,0.0,0.000,0.002,56.253,15.094,0.00
1786334992,bench_mixed,0.00,0.00,0.0,0.000,0.002,56.257,15.094,0.00
1786334997,bench_mixed,0.00,0.00,0.0,0.000,0.002,56.259,15.094,0.00
1786335002,bench_mixed,0.00,0.00,0.0,0.000,0.002,56.270,15.086,0.00
1786335007,bench_mixed,0.00,0.00,0.0,0.000,0.002,56.271,15.085,0.00
1786335012,bench_mixed,0.00,0.00,0.0,0.000,0.002,56.271,15.085,0.00
1786335018,bench_mixed,0.00,0.00,0.0,0.000,0.002,56.272,15.084,0.00
1786335023,bench_mixed,0.00,0.00,0.0,0.000,0.002,56.272,15.084,0.00
1786335028,bench_mixed,0.00,0.00,0.0,0.000,0.002,56.280,15.078,0.00
1786335033,bench_mixed,0.00,0.00,0.0,0.000,0.002,56.280,15.077,0.00
1786335038,bench_mixed,0.00,0.00,0.0,0.000,0.002,56.281,15.076,0.00
1786335043,bench_mixed,0.00,0.00,0.0,0.000,0.002,56.281,15.076,0.00
1786335048,bench_mixed,0.00,0.00,0.0,0.000,0.002,56.281,15.076,0.00
1786335053,bench_mixed,0.00,0.00,0.0,0.000,0.002,56.281,15.077,0.00
1786335058,bench_mixed,0.00,0.00,0.0,0.000,0.002,56.281,15.077,0.00
1786335063,bench_mixed,0.00,0.00,0.0,0.000,0.002,56.283,15.064,0.05
1786335068,bench_mixed,0.00,0.00,0.0,0.000,0.002,56.284,15.063,0.01
1786335073,bench_mixed,0.00,0.00,0.0,0.000,0.002,56.284,15.063,0.00
1786335078,bench_mixed,0.00,0.00,0.0,0.000,0.002,56.284,15.063,0.00
1786335083,bench_mixed,0.00,0.00,0.0,0.000,0.002,56.284,15.063,0.00
1786335088,bench_mixed,0.00,0.00,0.0,0.000,0.002,56.284,15.062,0.00
1786335093,bench_mixed,0.00,0.00,0.0,0.000,0.002,56.284,15.062,0.00
1786335098,bench_mixed,0.00,0.00,0.0,0.000,0.002,56.284,15.061,0.00
1786335103,bench_mixed,0.00,0.00,0.0,0.000,0.002,56.285,15.061,0.00
1786335108,bench_mixed,0.00,0.00,0.0,0.000,0.002,56.285,15.061,0.00
1786335114,bench_mixed,0.00,0.00,0.0,0.000,0.002,56.285,15.061,0.00
1786335119,bench_mixed,0.00,0.00,0.0,0.000,0.002,56.285,15.061,0.00
1786335124,bench_mixed,0.00,0.00,0.0,0.000,0.002,56.285,15.061,0.00
1786335129,bench_mixed,0.00,0.00,0.0,0.000,0.002,56.287,15.059,0.00
1786335134,bench_mixed,0.00,0.00,0.0,0.000,0.002,56.288,15.059,0.00
1786335139,bench_mixed,0.00,0.00,0.0,0.000,0.002,56.288,15.059,0.00
1786335144,bench_mixed,0.00,0.00,0.0,0.000,0.002,56.288,15.059,0.00
1786335149,bench_mixed,0.00,0.00,0.0,0.000,0.002,56.288,15.059,0.00
1786335154,bench_mixed,0.00,0.00,0.0,0.000,0.002,56.288,15.059,0.00
1786335159,bench_mixed,0.00,0.00,0.0,0.000,0.002,56.288,15.059,0.00
1786335164,bench_mixed,0.00,0.00,0.0,0.000,0.002,56.288,15.059,0.00
1786335169,bench_mixed,0.00,0.00,0.0,0.000,0.002,56.288,15.059,0.00
1786335174,bench_mixed,0.00,0.00,0.0,0.000,0.002,56.288,15.059,0.00
1786335179,bench_mixed,0.00,0.00,0.0,0.000,0.002,56.289,15.059,0.00
1786335184,bench_mixed,0.00,0.00,0.0,0.000,0.002,56.289,15.059,0.00
1786335189,bench_mixed,0.00,0.00,0.0,0.000,0.002,56.291,15.059,0.00
1786335194,bench_mixed,0.00,0.00,0.0,0.000,0.002,56.291,15.059,0.00
1786335199,bench_mixed,0.00,0.00,0.0,0.000,0.002,56.291,15.059,0.00
1786335204,bench_mixed,0.00,0.00,0.0,0.000,0.002,56.292,15.059,0.00
1786335210,bench_mixed,0.00,0.00,0.0,0.000,0.002,56.292,15.058,0.00
1786335215,bench_mixed,0.00,0.00,0.0,0.000,0.002,56.292,15.058,0.00
1786335220,bench_mixed,0.00,0.00,0.0,0.000,0.002,56.292,15.058,0.00
1786335225,bench_mixed,0.00,0.00,0.0,0.000,0.002,56.292,15.058,0.00
1786335230,bench_mixed,0.00,0.00,0.0,0.000,0.002,56.292,15.058,0.00
1786335235,bench_mixed,0.00,0.00,0.0,0.000,0.002,56.292,15.058,0.00
1786335240,bench_mixed,0.00,0.00,0.0,0.000,0.002,56.292,15.058,0.00
1786335245,bench_mixed,0.00,0.00,0.0,0.000,0.002,56.292,15.058,0.00
1786335250,bench_mixed,0.00,0.00,0.0,0.000,0.002,56.292,15.058,0.00
1786335255,bench_mixed,0.00,0.00,0.0,0.000,0.002,56.295,15.055,0.00
1786335260,bench_mixed,0.00,0.00,0.0,0.000,0.002,56.295,15.055,0.00
1786335265,bench_mixed,0.00,0.00,0.0,0.000,0.002,56.295,15.055,0.00
1786335270,bench_mixed,0.00,0.00,0.0,0.000,0.002,56.295,15.055,0.00
1786335275,bench_mixed,0.00,0.00,0.0,0.000,0.002,56.295,15.055,0.00
1786335280,bench_mixed,0.00,0.00,0.0,0.000,0.002,56.295,15.055,0.00
1786335285,bench_mixed,0.00,0.00,0.0,0.000,0.002,56.295,15.054,0.00
1786335290,bench_mixed,0.00,0.00,0.0,0.000,0.002,56.295,15.055,0.00
1786335295,bench_mixed,0.00,0.00,0.0,0.000,0.002,56.295,15.055,0.00
1786335300,bench_mixed,0.00,0.00,0.0,0.000,0.002,56.295,15.055,0.00
1786335306,bench_mixed,0.00,0.00,0.0,0.000,0.002,56.295,15.054,0.00
1786335311,bench_mixed,0.00,0.00,0.0,0.000,0.002,56.295,15.053,0.00
1786335316,bench_mixed,0.00,0.00,0.0,0.000,0.002,56.298,15.051,0.00
1786335321,bench_mixed,0.00,0.00,0.0,0.000,0.002,56.298,15.051,0.00
1786335326,bench_mixed,0.00,0.00,0.0,0.000,0.002,56.298,15.052,0.00
1786335331,bench_mixed,0.00,0.00,0.0,0.000,0.002,56.298,15.051,0.00
1786335336,bench_mixed,0.00,0.00,0.0,0.000,0.002,56.298,15.050,0.00
1786335341,bench_mixed,0.00,0.00,0.0,0.000,0.002,56.298,15.050,0.00
1786335346,bench_mixed,0.00,0.00,0.0,0.000,0.002,56.298,15.049,0.00
1786335351,bench_mixed,0.00,0.00,0.0,0.000,0.002,56.298,15.049,0.00
1786335356,bench_mixed,0.00,0.00,0.0,0.000,0.002,56.298,15.049,0.00
1786335361,bench_mixed,0.00,0.00,0.0,0.000,0.002,56.298,15.049,0.00
1786335366,bench_mixed,0.00,0.00,0.0,0.000,0.002,56.298,15.045,0.06
1786335371,bench_mixed,0.00,0.00,0.0,0.000,0.002,56.298,15.045,0.00
1786335376,bench_mixed,0.00,0.00,0.0,0.000,0.002,56.299,15.046,0.00
1786335381,bench_mixed,0.00,0.00,0.0,0.000,0.002,56.301,15.043,0.00
1786335386,bench_mixed,0.00,0.00,0.0,0.000,0.002,56.301,15.043,0.00
1786335391,bench_mixed,0.00,0.00,0.0,0.000,0.002,56.301,15.043,0.00
1786335396,bench_mixed,0.00,0.00,0.0,0.000,0.002,56.301,15.043,0.00
1786335402,bench_mixed,0.00,0.00,0.0,0.000,0.002,56.301,15.043,0.00
1786335407,bench_mixed,0.00,0.00,0.0,0.000,0.002,56.301,15.043,0.00
1786335412,bench_mixed,0.00,0.00,0.0,0.000,0.002,56.301,15.043,0.00
1786335417,bench_mixed,0.00,0.00,0.0,0.000,0.002,56.301,15.043,0.00
1786335422,bench_mixed,0.00,0.00,0.0,0.000,0.002,56.301,15.043,0.00
1786335427,bench_mixed,0.00,0.00,0.0,0.000,0.002,56.301,15.043,0.00
1786335432,bench_mixed,0.00,0.00,0.0,0.000,0.002,56.301,15.043,0.00
1786335437,bench_mixed,0.00,0.00,0.0,0.000,0.002,56.301,15.043,0.00
1786335442,bench_mixed,0.00,0.00,0.0,0.000,0.002,56.302,15.043,0.00
1786335447,bench_mixed,0.00,0.00,0.0,0.000,0.002,56.302,15.043,0.00
1786335452,bench_mixed,0.00,0.00,0.0,0.000,0.002,56.302,15.043,0.00
1786335457,bench_mixed,0.00,0.00,0.0,0.000,0.002,56.302,15.044,0.00
1786335462,bench_mixed,0.00,0.00,0.0,0.000,0.002,56.302,15.044,0.00
1786335467,bench_mixed,0.00,0.00,0.0,0.000,0.002,56.302,15.044,0.00
1786335472,bench_mixed,0.00,0.00,0.0,0.000,0.002,56.302,15.045,0.00
1786335477,bench_mixed,0.00,0.00,0.0,0.000,0.002,56.302,15.044,0.00
1786335482,bench_mixed,0.00,0.00,0.0,0.000,0.002,56.302,15.044,0.00
1786335487,bench_mixed,0.00,0.00,0.0,0.000,0.002,56.302,15.046,0.00
1786335492,bench_mixed,0.00,0.00,0.0,0.000,0.002,56.302,15.045,0.00
1786335498,bench_mixed,0.00,0.00,0.0,0.000,0.002,56.302,15.045,0.00
1786335503,bench_mixed,0.00,0.00,0.0,0.000,0.002,56.302,15.044,0.00
1786335508,bench_mixed,0.00,0.00,0.0,0.000,0.002,56.302,15.044,0.00
1786335513,bench_mixed,0.00,0.00,0.0,0.000,0.002,56.302,15.044,0.00
1786335518,bench_mixed,0.00,0.00,0.0,0.000,0.002,56.302,15.044,0.00
1786335523,bench_mixed,0.00,0.00,0.0,0.000,0.002,56.302,15.044,0.00
1786335528,bench_mixed,0.00,0.00,0.0,0.000,0.002,56.302,15.044,0.00
1786335533,bench_mixed,0.00,0.00,0.0,0.000,0.002,56.422,14.927,0.00
1786335538,bench_mixed,0.00,0.00,0.0,0.000,0.002,56.642,14.705,0.00
1786335543,bench_mixed,0.00,0.00,0.0,0.000,0.002,56.746,14.705,0.00
1786335548,bench_mixed,0.00,0.00,0.0,0.000,0.002,56.777,14.705,0.00
1786335553,bench_mixed,0.00,0.00,0.0,0.000,0.002,56.785,14.705,0.00
1786335558,bench_mixed,0.00,0.00,0.0,0.000,0.002,56.791,14.705,0.00
1786335563,bench_mixed,0.00,0.00,0.0,0.000,0.002,56.792,14.705,0.00
1786335568,bench_mixed,0.00,0.00,0.0,0.000,0.002,56.796,14.705,0.00
1786335573,bench_mixed,0.00,0.00,0.0,0.000,0.002,56.797,14.705,0.00
1786335578,bench_mixed,0.00,0.00,0.0,0.000,0.002,56.798,14.705,0.00
1786335583,bench_mixed,0.00,0.00,0.0,0.000,0.002,56.799,14.705,0.00
1786335588,bench_mixed,0.00,0.00,0.0,0.000,0.002,56.799,14.704,0.00
1786335594,bench_mixed,0.00,0.00,0.0,0.000,0.002,56.799,14.704,0.00
1786335599,bench_mixed,0.00,0.00,0.0,0.000,0.002,56.799,14.705,0.00
1786335604,bench_mixed,0.00,0.00,0.0,0.000,0.002,56.799,14.705,0.00
1786335609,bench_mixed,0.00,0.00,0.0,0.000,0.002,56.800,14.705,0.00
1786335614,bench_mixed,0.00,0.00,0.0,0.000,0.002,56.800,14.705,0.00
1786335619,bench_mixed,0.00,0.00,0.0,0.000,0.002,56.801,14.705,0.00
1786335624,bench_mixed,0.00,0.00,0.0,0.000,0.002,56.801,14.705,0.00
1786335629,bench_mixed,0.00,0.00,0.0,0.000,0.002,56.801,14.705,0.00
1786335634,bench_mixed,0.00,0.00,0.0,0.000,0.002,56.801,14.705,0.00
1786335639,bench_mixed,0.00,0.00,0.0,0.000,0.002,56.801,14.705,0.00
1786335644,bench_mixed,0.00,0.00,0.0,0.000,0.002,56.801,14.705,0.00
1786335649,bench_mixed,0.00,0.00,0.0,0.000,0.002,56.802,14.705,0.00
1786335654,bench_mixed,0.00,0.00,0.0,0.000,0.002,56.802,14.705,0.00
1786335659,bench_mixed,0.00,0.00,0.0,0.000,0.002,56.802,14.705,0.00
1786335664,bench_mixed,0.00,0.00,0.0,0.000,0.002,56.802,14.695,0.06
1786335669,bench_mixed,0.00,0.00,0.0,0.000,0.002,56.802,14.697,0.00
1786335674,bench_mixed,0.00,0.00,0.0,0.000,0.002,56.802,14.696,0.00
1786335679,bench_mixed,0.00,0.00,0.0,0.000,0.002,56.802,14.696,0.00
1786335684,bench_mixed,0.00,0.00,0.0,0.000,0.002,56.802,14.696,0.00
1786335690,bench_mixed,0.00,0.00,0.0,0.000,0.002,56.802,14.695,0.00
1786335695,bench_mixed,0.00,0.00,0.0,0.000,0.002,56.802,14.695,0.00
1786335700,bench_mixed,0.00,0.00,0.0,0.000,0.002,56.803,14.696,0.00
1786335705,bench_mixed,0.00,0.00,0.0,0.000,0.002,56.803,14.695,0.00
1786335710,bench_mixed,0.00,0.00,0.0,0.000,0.002,56.803,14.696,0.00
1786335715,bench_mixed,0.00,0.00,0.0,0.000,0.002,56.803,14.695,0.00
1786335720,bench_mixed,0.00,0.00,0.0,0.000,0.002,56.803,14.694,0.00
1786335725,bench_mixed,0.00,0.00,0.0,0.000,0.002,56.803,14.694,0.00
1786335730,bench_mixed,0.00,0.00,0.0,0.000,0.002,56.803,14.694,0.00
1786335735,bench_mixed,0.00,0.00,0.0,0.000,0.002,56.804,14.694,0.00
1786335740,bench_mixed,0.00,0.00,0.0,0.000,0.002,56.804,14.694,0.00
1786335745,bench_mixed,0.00,0.00,0.0,0.000,0.002,56.804,14.694,0.00
1786335750,bench_mixed,0.00,0.00,0.0,0.000,0.002,56.804,14.694,0.00
1786335755,bench_mixed,0.00,0.00,0.0,0.000,0.002,56.804,14.694,0.00
1786335760,bench_mixed,0.00,0.00,0.0,0.000,0.002,56.804,14.694,0.00
1786335765,bench_mixed,0.00,0.00,0.0,0.000,0.002,56.804,14.694,0.00
1786335770,bench_mixed,0.00,0.00,0.0,0.000,0.002,56.805,14.694,0.00
1786335775,bench_mixed,0.00,0.00,0.0,0.000,0.002,56.805,14.696,0.00
1786335780,bench_mixed,0.00,0.00,0.0,0.000,0.002,56.805,14.695,0.00
1786335786,bench_mixed,0.00,0.00,0.0,0.000,0.002,56.805,14.695,0.00
1786335791,bench_mixed,0.00,0.00,0.0,0.000,0.002,56.805,14.695,0.00
1786335796,bench_mixed,0.00,0.00,0.0,0.000,0.002,56.805,14.695,0.00
1786335801,bench_mixed,0.00,0.00,0.0,0.000,0.002,56.805,14.695,0.00
1786335806,bench_mixed,0.00,0.00,0.0,0.000,0.002,56.805,14.695,0.00
1786335811,bench_mixed,0.00,0.00,0.0,0.000,0.002,56.805,14.695,0.00
1786335816,bench_mixed,0.00,0.00,0.0,0.000,0.002,56.805,14.695,0.00
1786335821,bench_mixed,0.00,0.00,0.0,0.000,0.002,56.805,14.696,0.00
1786335826,bench_mixed,0.00,0.00,0.0,0.000,0.002,56.806,14.695,0.00
1786335831,bench_mixed,0.00,0.00,0.0,0.000,0.002,56.806,14.695,0.00
1786335836,bench_mixed,0.00,0.00,0.0,0.000,0.002,56.806,14.694,0.00
1786335841,bench_mixed,0.00,0.00,0.0,0.000,0.002,56.806,14.694,0.00
1786335846,bench_mixed,0.00,0.00,0.0,0.000,0.002,56.806,14.693,0.00
1786335851,bench_mixed,0.00,0.00,0.0,0.000,0.002,56.806,14.693,0.00
1786335856,bench_mixed,0.00,0.00,0.0,0.000,0.002,56.806,14.693,0.00
1786335861,bench_mixed,0.00,0.00,0.0,0.000,0.002,56.806,14.693,0.00
1786335866,bench_mixed,0.00,0.00,0.0,0.000,0.002,56.806,14.693,0.00
1786335871,bench_mixed,0.00,0.00,0.0,0.000,0.002,56.806,14.693,0.00
1786335877,bench_mixed,0.00,0.00,0.0,0.000,0.002,56.806,14.694,0.00
1786335882,bench_mixed,0.00,0.00,0.0,0.000,0.002,56.806,14.693,0.00
1786335887,bench_mixed,0.00,0.00,0.0,0.000,0.002,56.807,14.693,0.00
1786335892,bench_mixed,0.00,0.00,0.0,0.000,0.002,56.807,14.693,0.00
1786335897,bench_mixed,0.00,0.00,0.0,0.000,0.002,56.807,14.693,0.00
1786335902,bench_mixed,0.00,0.00,0.0,0.000,0.002,56.807,14.693,0.00
1786335907,bench_mixed,0.00,0.00,0.0,0.000,0.002,56.807,14.695,0.00
1786335912,bench_mixed,0.00,0.00,0.0,0.000,0.002,56.807,14.694,0.00
1786335917,bench_mixed,0.00,0.00,0.0,0.000,0.002,56.807,14.694,0.00
1786335922,bench_mixed,0.00,0.00,0.0,0.000,0.002,56.807,14.693,0.00
1786335927,bench_mixed,0.00,0.00,0.0,0.000,0.002,56.807,14.693,0.00
1786335932,bench_mixed,0.00,0.00,0.0,0.000,0.002,56.807,14.693,0.00
1786335937,bench_mixed,0.00,0.00,0.0,0.000,0.002,56.807,14.693,0.00
1786335942,bench_mixed,0.00,0.00,0.0,0.000,0.002,56.807,14.694,0.00
1786335947,bench_mixed,0.00,0.00,0.0,0.000,0.002,56.807,14.694,0.00
1786335952,bench_mixed,0.00,0.00,0.0,0.000,0.002,56.808,14.694,0.00
1786335957,bench_mixed,0.00,0.00,0.0,0.000,0.002,56.808,14.694,0.00
1786335962,bench_mixed,0.00,0.00,0.0,0.000,0.002,56.808,14.694,0.04
1786335967,bench_mixed,0.00,0.00,0.0,0.000,0.002,56.808,14.692,0.02
1786335973,bench_mixed,0.00,0.00,0.0,0.000,0.002,56.808,14.691,0.00
1786335978,bench_mixed,0.00,0.00,0.0,0.000,0.002,56.808,14.691,0.00
1786335983,bench_mixed,0.00,0.00,0.0,0.000,0.002,56.808,14.693,0.00
1786335988,bench_mixed,0.00,0.00,0.0,0.000,0.002,56.808,14.692,0.00
1786335993,bench_mixed,0.00,0.00,0.0,0.000,0.002,56.808,14.692,0.00
1786335998,bench_mixed,0.00,0.00,0.0,0.000,0.002,56.808,14.692,0.00
1786336003,bench_mixed,0.00,0.00,0.0,0.000,0.002,56.808,14.691,0.00
1786336008,bench_mixed,0.00,0.00,0.0,0.000,0.002,56.808,14.691,0.00
1786336013,bench_mixed,0.00,0.00,0.0,0.000,0.002,56.808,14.691,0.00
1786336018,bench_mixed,0.00,0.00,0.0,0.000,0.002,56.808,14.691,0.00
1786336023,bench_mixed,0.00,0.00,0.0,0.000,0.002,56.809,14.691,0.00
1786336028,bench_mixed,0.00,0.00,0.0,0.000,0.002,56.809,14.691,0.00
1786336033,bench_mixed,0.00,0.00,0.0,0.000,0.002,56.809,14.691,0.00
1786336038,bench_mixed,0.00,0.00,0.0,0.000,0.002,56.809,14.693,0.00
1786336043,bench_mixed,0.00,0.00,0.0,0.000,0.002,56.809,14.692,0.00
1786336048,bench_mixed,0.00,0.00,0.0,0.000,0.002,56.809,14.692,0.00
1786336053,bench_mixed,0.00,0.00,0.0,0.000,0.002,56.809,14.692,0.00
1786336058,bench_mixed,0.00,0.00,0.0,0.000,0.002,56.809,14.691,0.00
1786336063,bench_mixed,0.00,0.00,0.0,0.000,0.002,56.809,14.692,0.00
1786336069,bench_mixed,0.00,0.00,0.0,0.000,0.002,56.809,14.692,0.00
1786336074,bench_mixed,0.00,0.00,0.0,0.000,0.002,56.809,14.691,0.00
1786336079,bench_mixed,0.00,0.00,0.0,0.000,0.002,56.809,14.691,0.00
1786336084,bench_mixed,0.00,0.00,0.0,0.000,0.002,56.809,14.691,0.00
1786336089,bench_mixed,0.00,0.00,0.0,0.000,0.002,56.809,14.691,0.00
1786336094,bench_mixed,0.00,0.00,0.0,0.000,0.002,56.809,14.690,0.00
1786336099,bench_mixed,0.00,0.00,0.0,0.000,0.002,56.920,14.583,0.00
1786336104,bench_mixed,0.00,0.00,0.0,0.000,0.002,57.086,14.417,0.00
1786336109,bench_mixed,0.00,0.00,0.0,0.000,0.002,57.176,14.414,0.00
1786336114,bench_mixed,0.00,0.00,0.0,0.000,0.002,57.213,14.414,0.00
1786336119,bench_mixed,0.00,0.00,0.0,0.000,0.002,57.234,14.414,0.00
1786336124,bench_mixed,0.00,0.00,0.0,0.000,0.002,57.235,14.413,0.00
1786336129,bench_mixed,0.00,0.00,0.0,0.000,0.002,57.241,14.410,0.00
1786336134,bench_mixed,0.00,0.00,0.0,0.000,0.002,57.242,14.409,0.00
1786336139,bench_mixed,0.00,0.00,0.0,0.000,0.002,57.242,14.409,0.00
1786336144,bench_mixed,0.00,0.00,0.0,0.000,0.002,57.243,14.410,0.00
1786336149,bench_mixed,0.00,0.00,0.0,0.000,0.002,57.243,14.410,0.00
1786336154,bench_mixed,0.00,0.00,0.0,0.000,0.002,57.243,14.410,0.00
1786336159,bench_mixed,0.00,0.00,0.0,0.000,0.002,57.243,14.409,0.00
1786336165,bench_mixed,0.00,0.00,0.0,0.000,0.002,57.244,14.409,0.00
1786336170,bench_mixed,0.00,0.00,0.0,0.000,0.002,57.244,14.409,0.00
1786336175,bench_mixed,0.00,0.00,0.0,0.000,0.002,57.244,14.409,0.00
1786336180,bench_mixed,0.00,0.00,0.0,0.000,0.002,57.244,14.409,0.00
1786336185,bench_mixed,0.00,0.00,0.0,0.000,0.002,57.244,14.409,0.00
1786336190,bench_mixed,0.00,0.00,0.0,0.000,0.002,57.245,14.409,0.00
1786336195,bench_mixed,0.00,0.00,0.0,0.000,0.002,57.245,14.409,0.00
1786336200,bench_mixed,0.00,0.00,0.0,0.000,0.002,57.245,14.408,0.00
1786336205,bench_mixed,0.00,0.00,0.0,0.000,0.002,57.245,14.408,0.00
1786336210,bench_mixed,0.00,0.00,0.0,0.000,0.002,57.245,14.408,0.00
1786336215,bench_mixed,0.00,0.00,0.0,0.000,0.002,57.245,14.407,0.00
1786336220,bench_mixed,0.00,0.00,0.0,0.000,0.002,57.245,14.407,0.00
1786336225,bench_mixed,0.00,0.00,0.0,0.000,0.002,57.245,14.407,0.00
1786336230,bench_mixed,0.00,0.00,0.0,0.000,0.002,57.246,14.406,0.00
1786336235,bench_mixed,0.00,0.00,0.0,0.000,0.002,57.246,14.406,0.00
1786336240,bench_mixed,0.00,0.00,0.0,0.000,0.002,57.246,14.405,0.00
1786336245,bench_mixed,0.00,0.00,0.0,0.000,0.002,57.246,14.405,0.00
1786336250,bench_mixed,0.00,0.00,0.0,0.000,0.002,57.246,14.405,0.00
1786336255,bench_mixed,0.00,0.00,0.0,0.000,0.002,57.246,14.405,0.00
1786336260,bench_mixed,0.00,0.00,0.0,0.000,0.002,57.247,14.405,0.00
1786336266,bench_mixed,0.00,0.00,0.0,0.000,0.002,57.247,14.398,0.06
1786336271,bench_mixed,0.00,0.00,0.0,0.000,0.002,57.247,14.397,0.00
1786336276,bench_mixed,0.00,0.00,0.0,0.000,0.002,57.247,14.397,0.00
1786336281,bench_mixed,0.00,0.00,0.0,0.000,0.002,57.247,14.397,0.00
1786336286,bench_mixed,0.00,0.00,0.0,0.000,0.002,57.247,14.397,0.00
1786336291,bench_mixed,0.00,0.00,0.0,0.000,0.002,57.247,14.397,0.00
1786336296,bench_mixed,0.00,0.00,0.0,0.000,0.002,57.247,14.398,0.00
1786336301,bench_mixed,0.00,0.00,0.0,0.000,0.002,57.248,14.398,0.00
1786336306,bench_mixed,0.00,0.00,0.0,0.000,0.002,57.248,14.398,0.00
1786336311,bench_mixed,0.00,0.00,0.0,0.000,0.002,57.248,14.397,0.00
1786336316,bench_mixed,0.00,0.00,0.0,0.000,0.002,57.248,14.396,0.00
1786336321,bench_mixed,0.00,0.00,0.0,0.000,0.002,57.248,14.396,0.00
1786336326,bench_mixed,0.00,0.00,0.0,0.000,0.002,57.248,14.396,0.00
1786336331,bench_mixed,0.00,0.00,0.0,0.000,0.002,57.248,14.396,0.00
1786336336,bench_mixed,0.00,0.00,0.0,0.000,0.002,57.248,14.396,0.00
1786336341,bench_mixed,0.00,0.00,0.0,0.000,0.002,57.248,14.396,0.00
1786336346,bench_mixed,0.00,0.00,0.0,0.000,0.002,57.248,14.396,0.00
1786336351,bench_mixed,0.00,0.00,0.0,0.000,0.002,57.248,14.396,0.00
1786336356,bench_mixed,0.00,0.00,0.0,0.000,0.002,57.249,14.396,0.00
1786336362,bench_mixed,0.00,0.00,0.0,0.000,0.002,57.249,14.396,0.00
1786336367,bench_mixed,0.00,0.00,0.0,0.000,0.002,57.249,14.396,0.00
1786336372,bench_mixed,0.00,0.00,0.0,0.000,0.002,57.249,14.396,0.00
1786336377,bench_mixed,0.00,0.00,0.0,0.000,0.002,57.249,14.396,0.00
1786336382,bench_mixed,0.00,0.00,0.0,0.000,0.002,57.249,14.396,0.00
1786336387,bench_mixed,0.00,0.00,0.0,0.000,0.002,57.249,14.396,0.00
1786336392,bench_mixed,0.00,0.00,0.0,0.000,0.002,57.250,14.396,0.00
1786336397,bench_mixed,0.00,0.00,0.0,0.000,0.002,57.250,14.397,0.00
1786336402,bench_mixed,0.00,0.00,0.0,0.000,0.002,57.250,14.396,0.00
1786336407,bench_mixed,0.00,0.00,0.0,0.000,0.002,57.250,14.397,0.00
1786336412,bench_mixed,0.00,0.00,0.0,0.000,0.002,57.250,14.396,0.00
1786336417,bench_mixed,0.00,0.00,0.0,0.000,0.002,57.250,14.396,0.00
1786336422,bench_mixed,0.00,0.00,0.0,0.000,0.002,57.250,14.395,0.00
1786336427,bench_mixed,0.00,0.00,0.0,0.000,0.002,57.250,14.395,0.00
1786336432,bench_mixed,0.00,0.00,0.0,0.000,0.002,57.250,14.395,0.00
1786336437,bench_mixed,0.00,0.00,0.0,0.000,0.002,57.250,14.395,0.00
1786336442,bench_mixed,0.00,0.00,0.0,0.000,0.002,57.250,14.395,0.00
1786336447,bench_mixed,0.00,0.00,0.0,0.000,0.002,57.251,14.395,0.00
1786336452,bench_mixed,0.00,0.00,0.0,0.000,0.002,57.251,14.395,0.00
1786336458,bench_mixed,0.00,0.00,0.0,0.000,0.002,57.251,14.395,0.00
1786336463,bench_mixed,0.00,0.00,0.0,0.000,0.002,57.251,14.395,0.00
1786336468,bench_mixed,0.00,0.00,0.0,0.000,0.002,57.251,14.395,0.00
1786336473,bench_mixed,0.00,0.00,0.0,0.000,0.002,57.251,14.395,0.00
1786336478,bench_mixed,0.00,0.00,0.0,0.000,0.002,57.251,14.395,0.00
1786336483,bench_mixed,0.00,0.00,0.0,0.000,0.002,57.251,14.395,0.00
1786336488,bench_mixed,0.00,0.00,0.0,0.000,0.002,57.251,14.394,0.00
1786336493,bench_mixed,0.00,0.00,0.0,0.000,0.002,57.251,14.395,0.00
1786336498,bench_mixed,0.00,0.00,0.0,0.000,0.002,57.251,14.395,0.00
1786336503,bench_mixed,0.00,0.00,0.0,0.000,0.002,57.251,14.396,0.00
1786336508,bench_mixed,0.00,0.00,0.0,0.000,0.002,57.251,14.395,0.00
1786336513,bench_mixed,0.00,0.00,0.0,0.000,0.002,57.252,14.396,0.00
1786336518,bench_mixed,0.00,0.00,0.0,0.000,0.002,57.252,14.396,0.00
1786336523,bench_mixed,0.00,0.00,0.0,0.000,0.002,57.252,14.396,0.00
1786336528,bench_mixed,0.00,0.00,0.0,0.000,0.002,57.252,14.395,0.00
1786336533,bench_mixed,0.00,0.00,0.0,0.000,0.002,57.252,14.395,0.00
1786336538,bench_mixed,0.00,0.00,0.0,0.000,0.002,57.252,14.395,0.00
1786336543,bench_mixed,0.00,0.00,0.0,0.000,0.002,57.252,14.394,0.00
1786336548,bench_mixed,0.00,0.00,0.0,0.000,0.002,57.252,14.394,0.00
1786336554,bench_mixed,0.00,0.00,0.0,0.000,0.002,57.252,14.394,0.00
1786336559,bench_mixed,0.00,0.00,0.0,0.000,0.002,57.252,14.393,0.00
1786336564,bench_mixed,0.00,0.00,0.0,0.000,0.002,57.252,14.399,0.05
1786336569,bench_mixed,0.00,0.00,0.0,0.000,0.002,57.252,14.398,0.00
1786336574,bench_mixed,0.00,0.00,0.0,0.000,0.002,57.253,14.398,0.00
1786336579,bench_mixed,0.00,0.00,0.0,0.000,0.002,57.253,14.398,0.00
1786336584,bench_mixed,0.00,0.00,0.0,0.000,0.002,57.253,14.397,0.00
1786336589,bench_mixed,0.00,0.00,0.0,0.000,0.002,57.253,14.397,0.00
1786336594,bench_mixed,0.00,0.00,0.0,0.000,0.002,57.253,14.397,0.00
1786336599,bench_mixed,0.00,0.00,0.0,0.000,0.002,57.253,14.397,0.00
1786336604,bench_mixed,0.00,0.00,0.0,0.000,0.002,57.253,14.396,0.00
1786336609,bench_mixed,0.00,0.00,0.0,0.000,0.002,57.253,14.396,0.00
1786336614,bench_mixed,0.00,0.00,0.0,0.000,0.002,57.253,14.396,0.00
1786336619,bench_mixed,0.00,0.00,0.0,0.000,0.002,57.253,14.396,0.00
1786336624,bench_mixed,0.00,0.00,0.0,0.000,0.002,57.253,14.396,0.00
1786336629,bench_mixed,0.00,0.00,0.0,0.000,0.002,57.253,14.396,0.00
1786336634,bench_mixed,0.00,0.00,0.0,0.000,0.002,57.253,14.396,0.00
1786336639,bench_mixed,0.00,0.00,0.0,0.000,0.002,57.253,14.396,0.00
1786336644,bench_mixed,0.00,0.00,0.0,0.000,0.002,57.253,14.395,0.00
1786336650,bench_mixed,0.00,0.00,0.0,0.000,0.002,57.253,14.395,0.00
1786336655,bench_mixed,0.00,0.00,0.0,0.000,0.002,57.331,14.322,0.00
1786336660,bench_mixed,0.00,0.00,0.0,0.000,0.002,57.440,14.212,0.00
1786336665,bench_mixed,0.00,0.00,0.0,0.000,0.002,57.513,14.212,0.00
1786336670,bench_mixed,0.00,0.00,0.0,0.000,0.002,57.569,14.211,0.00
1786336675,bench_mixed,0.00,0.00,0.0,0.000,0.002,57.582,14.212,0.00
1786336680,bench_mixed,0.00,0.00,0.0,0.000,0.002,57.587,14.212,0.00
1786336685,bench_mixed,0.00,0.00,0.0,0.000,0.002,57.590,14.212,0.00
1786336690,bench_mixed,0.00,0.00,0.0,0.000,0.002,57.595,14.211,0.00
1786336695,bench_mixed,0.00,0.00,0.0,0.000,0.002,57.596,14.212,0.00
1786336700,bench_mixed,0.00,0.00,0.0,0.000,0.002,57.596,14.211,0.00
1786336705,bench_mixed,0.00,0.00,0.0,0.000,0.002,57.597,14.211,0.00
1786336710,bench_mixed,0.00,0.00,0.0,0.000,0.002,57.597,14.211,0.00
1786336715,bench_mixed,0.00,0.00,0.0,0.000,0.002,57.598,14.210,0.00
1786336720,bench_mixed,0.00,0.00,0.0,0.000,0.002,57.598,14.209,0.00
1786336725,bench_mixed,0.00,0.00,0.0,0.000,0.002,57.598,14.209,0.00
1786336730,bench_mixed,0.00,0.00,0.0,0.000,0.002,57.598,14.209,0.00
1786336735,bench_mixed,0.00,0.00,0.0,0.000,0.002,57.598,14.209,0.00
1786336740,bench_mixed,0.00,0.00,0.0,0.000,0.002,57.599,14.208,0.00
1786336745,bench_mixed,0.00,0.00,0.0,0.000,0.002,57.599,14.208,0.00
1786336751,bench_mixed,0.00,0.00,0.0,0.000,0.002,57.599,14.208,0.00
1786336756,bench_mixed,0.00,0.00,0.0,0.000,0.002,57.599,14.207,0.00
1786336761,bench_mixed,0.00,0.00,0.0,0.000,0.002,57.600,14.207,0.00
1786336766,bench_mixed,0.00,0.00,0.0,0.000,0.002,57.600,14.207,0.00
1786336771,bench_mixed,0.00,0.00,0.0,0.000,0.002,57.600,14.206,0.00
1786336776,bench_mixed,0.00,0.00,0.0,0.000,0.002,57.600,14.206,0.00
1786336781,bench_mixed,0.00,0.00,0.0,0.000,0.002,57.600,14.206,0.00
1786336786,bench_mixed,0.00,0.00,0.0,0.000,0.002,57.600,14.206,0.00
1786336791,bench_mixed,0.00,0.00,0.0,0.000,0.002,57.600,14.206,0.00
1786336796,bench_mixed,0.00,0.00,0.0,0.000,0.002,57.600,14.205,0.00
1786336801,bench_mixed,0.00,0.00,0.0,0.000,0.002,57.601,14.204,0.00
1786336806,bench_mixed,0.00,0.00,0.0,0.000,0.002,57.601,14.204,0.00
1786336811,bench_mixed,0.00,0.00,0.0,0.000,0.002,57.601,14.204,0.00
1786336816,bench_mixed,0.00,0.00,0.0,0.000,0.002,57.601,14.203,0.00
1786336821,bench_mixed,0.00,0.00,0.0,0.000,0.002,57.601,14.202,0.00
1786336826,bench_mixed,0.00,0.00,0.0,0.000,0.002,57.601,14.202,0.00
1786336831,bench_mixed,0.00,0.00,0.0,0.000,0.002,57.602,14.202,0.00
1786336836,bench_mixed,0.00,0.00,0.0,0.000,0.002,57.602,14.202,0.00
1786336841,bench_mixed,0.00,0.00,0.0,0.000,0.002,57.602,14.202,0.00
1786336847,bench_mixed,0.00,0.00,0.0,0.000,0.002,57.602,14.202,0.00
1786336852,bench_mixed,0.00,0.00,0.0,0.000,0.002,57.602,14.202,0.00
1786336857,bench_mixed,0.00,0.00,0.0,0.000,0.002,57.602,14.203,0.00
1786336862,bench_mixed,0.00,0.00,0.0,0.000,0.002,57.602,14.201,0.01
1786336867,bench_mixed,0.00,0.00,0.0,0.000,0.002,57.602,14.195,0.04
1786336872,bench_mixed,0.00,0.00,0.0,0.000,0.002,57.602,14.195,0.00
1786336877,bench_mixed,0.00,0.00,0.0,0.000,0.002,57.602,14.195,0.00
1786336882,bench_mixed,0.00,0.00,0.0,0.000,0.002,57.603,14.195,0.00
1786336887,bench_mixed,0.00,0.00,0.0,0.000,0.002,57.603,14.194,0.00
1786336892,bench_mixed,0.00,0.00,0.0,0.000,0.002,57.603,14.194,0.00
1786336897,bench_mixed,0.00,0.00,0.0,0.000,0.002,57.603,14.194,0.00
1786336902,bench_mixed,0.00,0.00,0.0,0.000,0.002,57.603,14.194,0.00
1786336907,bench_mixed,0.00,0.00,0.0,0.000,0.002,57.603,14.194,0.00
1786336912,bench_mixed,0.00,0.00,0.0,0.000,0.002,57.603,14.194,0.00
1786336917,bench_mixed,0.00,0.00,0.0,0.000,0.002,57.604,14.194,0.00
1786336922,bench_mixed,0.00,0.00,0.0,0.000,0.002,57.604,14.194,0.00
1786336927,bench_mixed,0.00,0.00,0.0,0.000,0.002,57.604,14.194,0.00
1786336932,bench_mixed,0.00,0.00,0.0,0.000,0.002,57.604,14.194,0.00
1786336937,bench_mixed,0.00,0.00,0.0,0.000,0.002,57.604,14.194,0.00
1786336943,bench_mixed,0.00,0.00,0.0,0.000,0.002,57.604,14.194,0.00
1786336948,bench_mixed,0.00,0.00,0.0,0.000,0.002,57.604,14.194,0.00
1786336953,bench_mixed,0.00,0.00,0.0,0.000,0.002,57.604,14.194,0.00
1786336958,bench_mixed,0.00,0.00,0.0,0.000,0.002,57.605,14.194,0.00
1786336963,bench_mixed,0.00,0.00,0.0,0.000,0.002,57.605,14.194,0.00
1786336968,bench_mixed,0.00,0.00,0.0,0.000,0.002,57.605,14.194,0.00
1786336973,bench_mixed,0.00,0.00,0.0,0.000,0.002,57.605,14.193,0.00
1786336978,bench_mixed,0.00,0.00,0.0,0.000,0.002,57.605,14.193,0.00
1786336983,bench_mixed,0.00,0.00,0.0,0.000,0.002,57.605,14.193,0.00
1786336988,bench_mixed,0.00,0.00,0.0,0.000,0.002,57.605,14.193,0.00
1786336993,bench_mixed,0.00,0.00,0.0,0.000,0.002,57.605,14.194,0.00
1786336998,bench_mixed,0.00,0.00,0.0,0.000,0.002,57.605,14.193,0.00
1786337003,bench_mixed,0.00,0.00,0.0,0.000,0.002,57.605,14.193,0.00
1786337008,bench_mixed,0.00,0.00,0.0,0.000,0.002,57.605,14.192,0.00
1786337013,bench_mixed,0.00,0.00,0.0,0.000,0.002,57.606,14.192,0.00
1786337018,bench_mixed,0.00,0.00,0.0,0.000,0.002,57.606,14.192,0.00
1786337023,bench_mixed,0.00,0.00,0.0,0.000,0.002,57.606,14.191,0.00
1786337028,bench_mixed,0.00,0.00,0.0,0.000,0.002,57.606,14.191,0.00
1786337033,bench_mixed,0.00,0.00,0.0,0.000,0.002,57.606,14.191,0.00
1786337039,bench_mixed,0.00,0.00,0.0,0.000,0.002,57.606,14.191,0.00
1786337044,bench_mixed,0.00,0.00,0.0,0.000,0.002,57.606,14.190,0.00
1786337049,bench_mixed,0.00,0.00,0.0,0.000,0.002,57.606,14.190,0.00
1786337054,bench_mixed,0.00,0.00,0.0,0.000,0.002,57.606,14.190,0.00
1786337059,bench_mixed,0.00,0.00,0.0,0.000,0.002,57.606,14.190,0.00
1786337064,bench_mixed,0.00,0.00,0.0,0.000,0.002,57.606,14.189,0.00
1786337069,bench_mixed,0.00,0.00,0.0,0.000,0.002,57.606,14.189,0.00
1786337074,bench_mixed,0.00,0.00,0.0,0.000,0.002,57.606,14.188,0.00
1786337079,bench_mixed,0.00,0.00,0.0,0.000,0.002,57.607,14.188,0.00
1786337084,bench_mixed,0.00,0.00,0.0,0.000,0.002,57.607,14.188,0.00
1786337089,bench_mixed,0.00,0.00,0.0,0.000,0.002,57.607,14.188,0.00
1786337094,bench_mixed,0.00,0.00,0.0,0.000,0.002,57.607,14.188,0.00
1786337099,bench_mixed,0.00,0.00,0.0,0.000,0.002,57.607,14.188,0.00
1786337104,bench_mixed,0.00,0.00,0.0,0.000,0.002,57.607,14.188,0.00
1786337109,bench_mixed,0.00,0.00,0.0,0.000,0.002,57.607,14.188,0.00
1786337114,bench_mixed,0.00,0.00,0.0,0.000,0.002,57.607,14.188,0.00
1786337119,bench_mixed,0.00,0.00,0.0,0.000,0.002,57.607,14.188,0.00
1786337124,bench_mixed,0.00,0.00,0.0,0.000,0.002,57.607,14.188,0.00
1786337129,bench_mixed,0.00,0.00,0.0,0.000,0.002,57.607,14.188,0.00
1786337135,bench_mixed,0.00,0.00,0.0,0.000,0.002,57.607,14.188,0.00
1786337140,bench_mixed,0.00,0.00,0.0,0.000,0.002,57.607,14.188,0.00
1786337145,bench_mixed,0.00,0.00,0.0,0.000,0.002,57.608,14.188,0.00
1786337150,bench_mixed,0.00,0.00,0.0,0.000,0.002,57.608,14.189,0.00
1786337155,bench_mixed,0.00,0.00,0.0,0.000,0.002,57.608,14.189,0.00
1786337160,bench_mixed,0.00,0.00,0.0,0.000,0.002,57.608,14.190,0.00
1786337165,bench_mixed,0.00,0.00,0.0,0.000,0.002,57.608,14.184,0.06
1786337170,bench_mixed,0.00,0.00,0.0,0.000,0.002,57.608,14.184,0.00
1786337175,bench_mixed,0.00,0.00,0.0,0.000,0.002,57.608,14.184,0.00
1786337180,bench_mixed,0.00,0.00,0.0,0.000,0.002,57.608,14.184,0.00
1786337185,bench_mixed,0.00,0.00,0.0,0.000,0.002,57.608,14.184,0.00
1786337190,bench_mixed,0.00,0.00,0.0,0.000,0.002,57.608,14.184,0.00
1786337195,bench_mixed,0.00,0.00,0.0,0.000,0.002,57.608,14.183,0.00
1786337200,bench_mixed,0.00,0.00,0.0,0.000,0.002,57.608,14.183,0.00
1786337205,bench_mixed,0.00,0.00,0.0,0.000,0.002,57.608,14.182,0.00
1786337210,bench_mixed,0.00,0.00,0.0,0.000,0.002,57.649,14.144,0.00
1786337215,bench_mixed,0.00,0.00,0.0,0.000,0.002,57.759,14.038,0.00
1786337220,bench_mixed,0.00,0.00,0.0,0.000,0.002,57.894,13.904,0.00
1786337225,bench_mixed,0.00,0.00,0.0,0.000,0.002,58.004,13.903,0.00
1786337231,bench_mixed,0.00,0.00,0.0,0.000,0.002,58.024,13.904,0.00
1786337236,bench_mixed,0.00,0.00,0.0,0.000,0.002,58.035,13.904,0.00
1786337241,bench_mixed,0.00,0.00,0.0,0.000,0.002,58.040,13.901,0.00
1786337246,bench_mixed,0.00,0.00,0.0,0.000,0.002,58.041,13.901,0.00
1786337251,bench_mixed,0.00,0.00,0.0,0.000,0.002,58.042,13.901,0.00
1786337256,bench_mixed,0.00,0.00,0.0,0.000,0.002,58.042,13.901,0.00
1786337261,bench_mixed,0.00,0.00,0.0,0.000,0.002,58.043,13.901,0.00
1786337266,bench_mixed,0.00,0.00,0.0,0.000,0.002,58.044,13.900,0.00
1786337271,bench_mixed,0.00,0.00,0.0,0.000,0.002,58.044,13.901,0.00
1786337276,bench_mixed,0.00,0.00,0.0,0.000,0.002,58.044,13.900,0.00
1786337281,bench_mixed,0.00,0.00,0.0,0.000,0.002,58.045,13.900,0.00
1786337286,bench_mixed,0.00,0.00,0.0,0.000,0.002,58.045,13.900,0.00
1786337291,bench_mixed,0.00,0.00,0.0,0.000,0.002,58.045,13.899,0.00
1786337296,bench_mixed,0.00,0.00,0.0,0.000,0.002,58.045,13.899,0.00
1786337301,bench_mixed,0.00,0.00,0.0,0.000,0.002,58.046,13.899,0.00
1786337306,bench_mixed,0.00,0.00,0.0,0.000,0.002,58.046,13.898,0.00
1786337311,bench_mixed,0.00,0.00,0.0,0.000,0.002,58.046,13.897,0.00
1786337316,bench_mixed,0.00,0.00,0.0,0.000,0.002,58.047,13.897,0.00
1786337321,bench_mixed,0.00,0.00,0.0,0.000,0.002,58.047,13.897,0.00
1786337326,bench_mixed,0.00,0.00,0.0,0.000,0.002,58.047,13.897,0.00
1786337332,bench_mixed,0.00,0.00,0.0,0.000,0.002,58.047,13.897,0.00
1786337337,bench_mixed,0.00,0.00,0.0,0.000,0.002,58.047,13.897,0.00
1786337342,bench_mixed,0.00,0.00,0.0,0.000,0.002,58.047,13.898,0.00
1786337347,bench_mixed,0.00,0.00,0.0,0.000,0.002,58.047,13.898,0.00
1786337352,bench_mixed,0.00,0.00,0.0,0.000,0.002,58.048,13.898,0.00
1786337357,bench_mixed,0.00,0.00,0.0,0.000,0.002,58.048,13.898,0.00
1786337362,bench_mixed,0.00,0.00,0.0,0.000,0.002,58.048,13.898,0.00
1786337367,bench_mixed,0.00,0.00,0.0,0.000,0.002,58.048,13.898,0.00
1786337372,bench_mixed,0.00,0.00,0.0,0.000,0.002,58.048,13.898,0.00
1786337377,bench_mixed,0.00,0.00,0.0,0.000,0.002,58.048,13.899,0.00
1786337382,bench_mixed,0.00,0.00,0.0,0.000,0.002,58.048,13.899,0.00
1786337387,bench_mixed,0.00,0.00,0.0,0.000,0.002,58.048,13.899,0.00
1786337392,bench_mixed,0.00,0.00,0.0,0.000,0.002,58.048,13.899,0.00
1786337397,bench_mixed,0.00,0.00,0.0,0.000,0.002,58.048,13.900,0.00
1786337402,bench_mixed,0.00,0.00,0.0,0.000,0.002,58.048,13.899,0.00
1786337407,bench_mixed,0.00,0.00,0.0,0.000,0.002,58.049,13.898,0.00
1786337412,bench_mixed,0.00,0.00,0.0,0.000,0.002,58.049,13.899,0.00
1786337417,bench_mixed,0.00,0.00,0.0,0.000,0.002,58.049,13.898,0.00
1786337422,bench_mixed,0.00,0.00,0.0,0.000,0.002,58.049,13.898,0.00
1786337427,bench_mixed,0.00,0.00,0.0,0.000,0.002,58.049,13.898,0.00
1786337433,bench_mixed,0.00,0.00,0.0,0.000,0.002,58.049,13.898,0.00
1786337438,bench_mixed,0.00,0.00,0.0,0.000,0.002,58.049,13.898,0.00
1786337443,bench_mixed,0.00,0.00,0.0,0.000,0.002,58.049,13.898,0.00
1786337448,bench_mixed,0.00,0.00,0.0,0.000,0.002,58.049,13.898,0.00
1786337453,bench_mixed,0.00,0.00,0.0,0.000,0.002,58.050,13.898,0.00
1786337458,bench_mixed,0.00,0.00,0.0,0.000,0.002,58.050,13.898,0.00
1786337463,bench_mixed,0.00,0.00,0.0,0.000,0.002,58.050,13.891,0.04
1786337468,bench_mixed,0.00,0.00,0.0,0.000,0.002,58.050,13.891,0.02
1786337473,bench_mixed,0.00,0.00,0.0,0.000,0.002,58.050,13.893,0.00
1786337478,bench_mixed,0.00,0.00,0.0,0.000,0.002,58.050,13.892,0.00
1786337483,bench_mixed,0.00,0.00,0.0,0.000,0.002,58.051,13.892,0.00
1786337488,bench_mixed,0.00,0.00,0.0,0.000,0.002,58.051,13.892,0.00
1786337493,bench_mixed,0.00,0.00,0.0,0.000,0.002,58.051,13.891,0.00
1786337498,bench_mixed,0.00,0.00,0.0,0.000,0.002,58.051,13.890,0.00
1786337503,bench_mixed,0.00,0.00,0.0,0.000,0.002,58.051,13.889,0.00
1786337508,bench_mixed,0.00,0.00,0.0,0.000,0.002,58.051,13.889,0.00
1786337513,bench_mixed,0.00,0.00,0.0,0.000,0.002,58.051,13.889,0.00
1786337518,bench_mixed,0.00,0.00,0.0,0.000,0.002,58.051,13.889,0.00
1786337523,bench_mixed,0.00,0.00,0.0,0.000,0.002,58.051,13.889,0.00
1786337528,bench_mixed,0.00,0.00,0.0,0.000,0.002,58.051,13.889,0.00
1786337534,bench_mixed,0.00,0.00,0.0,0.000,0.002,58.051,13.889,0.00
1786337539,bench_mixed,0.00,0.00,0.0,0.000,0.002,58.051,13.889,0.00
1786337544,bench_mixed,0.00,0.00,0.0,0.000,0.002,58.052,13.889,0.00
1786337549,bench_mixed,0.00,0.00,0.0,0.000,0.002,58.052,13.889,0.00
1786337554,bench_mixed,0.00,0.00,0.0,0.000,0.002,58.052,13.889,0.00
1786337559,bench_mixed,0.00,0.00,0.0,0.000,0.002,58.052,13.889,0.00
1786337564,bench_mixed,0.00,0.00,0.0,0.000,0.002,58.052,13.889,0.00
1786337569,bench_mixed,0.00,0.00,0.0,0.000,0.002,58.052,13.889,0.00
1786337574,bench_mixed,0.00,0.00,0.0,0.000,0.002,58.052,13.889,0.00
1786337579,bench_mixed,0.00,0.00,0.0,0.000,0.002,58.052,13.890,0.00
1786337584,bench_mixed,0.00,0.00,0.0,0.000,0.002,58.052,13.889,0.00
1786337589,bench_mixed,0.00,0.00,0.0,0.000,0.002,58.052,13.888,0.00
1786337594,bench_mixed,0.00,0.00,0.0,0.000,0.002,58.052,13.889,0.00
1786337599,bench_mixed,0.00,0.00,0.0,0.000,0.002,58.052,13.888,0.00
1786337604,bench_mixed,0.00,0.00,0.0,0.000,0.002,58.052,13.888,0.00
1786337609,bench_mixed,0.00,0.00,0.0,0.000,0.002,58.053,13.888,0.00
1786337614,bench_mixed,0.00,0.00,0.0,0.000,0.002,58.053,13.887,0.00
1786337619,bench_mixed,0.00,0.00,0.0,0.000,0.002,58.053,13.887,0.00
1786337624,bench_mixed,0.00,0.00,0.0,0.000,0.002,58.053,13.887,0.00
1786337629,bench_mixed,0.00,0.00,0.0,0.000,0.002,58.053,13.886,0.00
1786337635,bench_mixed,0.00,0.00,0.0,0.000,0.002,58.053,13.886,0.00
1786337640,bench_mixed,0.00,0.00,0.0,0.000,0.002,58.053,13.886,0.00
1786337645,bench_mixed,0.00,0.00,0.0,0.000,0.002,58.053,13.885,0.00
1786337650,bench_mixed,0.00,0.00,0.0,0.000,0.002,58.053,13.885,0.00
1786337655,bench_mixed,0.00,0.00,0.0,0.000,0.002,58.053,13.885,0.00
1786337660,bench_mixed,0.00,0.00,0.0,0.000,0.002,58.053,13.885,0.00
1786337665,bench_mixed,0.00,0.00,0.0,0.000,0.002,58.053,13.884,0.00
1786337670,bench_mixed,0.00,0.00,0.0,0.000,0.002,58.053,13.884,0.00
1786337675,bench_mixed,0.00,0.00,0.0,0.000,0.002,58.054,13.884,0.00
1786337680,bench_mixed,0.00,0.00,0.0,0.000,0.002,58.054,13.884,0.00
1786337685,bench_mixed,0.00,0.00,0.0,0.000,0.002,58.054,13.884,0.00
1786337690,bench_mixed,0.00,0.00,0.0,0.000,0.002,58.054,13.884,0.00
1786337695,bench_mixed,0.00,0.00,0.0,0.000,0.002,58.054,13.884,0.00
1786337700,bench_mixed,0.00,0.00,0.0,0.000,0.002,58.054,13.884,0.00
1786337705,bench_mixed,0.00,0.00,0.0,0.000,0.002,58.054,13.885,0.00
1786337710,bench_mixed,0.00,0.00,0.0,0.000,0.002,58.054,13.885,0.00
1786337715,bench_mixed,0.00,0.00,0.0,0.000,0.002,58.054,13.885,0.00
1786337720,bench_mixed,0.00,0.00,0.0,0.000,0.002,58.054,13.884,0.00
1786337725,bench_mixed,0.00,0.00,0.0,0.000,0.002,58.054,13.884,0.00
1786337731,bench_mixed,0.00,0.00,0.0,0.000,0.002,58.054,13.884,0.00
1786337736,bench_mixed,0.00,0.00,0.0,0.000,0.002,58.054,13.884,0.00
1786337741,bench_mixed,0.00,0.00,0.0,0.000,0.002,58.054,13.884,0.00
1786337746,bench_mixed,0.00,0.00,0.0,0.000,0.002,58.054,13.884,0.00
1786337751,bench_mixed,0.00,0.00,0.0,0.000,0.002,58.054,13.883,0.00
1786337756,bench_mixed,0.00,0.00,0.0,0.000,0.002,58.054,13.883,0.00
1786337761,bench_mixed,0.00,0.00,0.0,0.000,0.002,58.054,13.883,0.00
1786337766,bench_mixed,0.00,0.00,0.0,0.000,0.002,58.127,13.811,0.06
1786337771,bench_mixed,0.00,0.00,0.0,0.000,0.002,58.181,13.758,0.00
1786337776,bench_mixed,0.00,0.00,0.0,0.000,0.002,58.238,13.761,0.00
1786337781,bench_mixed,0.00,0.00,0.0,0.000,0.002,58.301,13.760,0.00
1786337786,bench_mixed,0.00,0.00,0.0,0.000,0.002,58.318,13.760,0.00
1786337791,bench_mixed,0.00,0.00,0.0,0.000,0.002,58.326,13.760,0.00
1786337796,bench_mixed,0.00,0.00,0.0,0.000,0.002,58.331,13.763,0.00
1786337801,bench_mixed,0.00,0.00,0.0,0.000,0.002,58.333,13.764,0.00
1786337806,bench_mixed,0.00,0.00,0.0,0.000,0.002,58.334,13.763,0.00
1786337811,bench_mixed,0.00,0.00,0.0,0.000,0.002,58.335,13.763,0.00
1786337816,bench_mixed,0.00,0.00,0.0,0.000,0.002,58.335,13.763,0.00
1786337821,bench_mixed,0.00,0.00,0.0,0.000,0.002,58.335,13.762,0.00
1786337826,bench_mixed,0.00,0.00,0.0,0.000,0.002,58.336,13.762,0.00
1786337832,bench_mixed,0.00,0.00,0.0,0.000,0.002,58.336,13.761,0.00
1786337837,bench_mixed,0.00,0.00,0.0,0.000,0.002,58.336,13.761,0.00
1786337842,bench_mixed,0.00,0.00,0.0,0.000,0.002,58.337,13.761,0.00
1786337847,bench_mixed,0.00,0.00,0.0,0.000,0.002,58.337,13.762,0.00
1786337852,bench_mixed,0.00,0.00,0.0,0.000,0.002,58.337,13.762,0.00
1786337857,bench_mixed,0.00,0.00,0.0,0.000,0.002,58.337,13.761,0.00
1786337862,bench_mixed,0.00,0.00,0.0,0.000,0.002,58.337,13.761,0.00
1786337867,bench_mixed,0.00,0.00,0.0,0.000,0.002,58.337,13.760,0.00
1786337872,bench_mixed,0.00,0.00,0.0,0.000,0.002,58.337,13.761,0.00
1786337877,bench_mixed,0.00,0.00,0.0,0.000,0.002,58.338,13.760,0.00
1786337882,bench_mixed,0.00,0.00,0.0,0.000,0.002,58.338,13.760,0.00
1786337887,bench_mixed,0.00,0.00,0.0,0.000,0.002,58.338,13.759,0.00
1786337892,bench_mixed,0.00,0.00,0.0,0.000,0.002,58.338,13.759,0.00
1786337897,bench_mixed,0.00,0.00,0.0,0.000,0.002,58.338,13.759,0.00
1786337902,bench_mixed,0.00,0.00,0.0,0.000,0.002,58.338,13.759,0.00
1786337907,bench_mixed,0.00,0.00,0.0,0.000,0.002,58.338,13.759,0.00
1786337912,bench_mixed,0.00,0.00,0.0,0.000,0.002,58.339,13.758,0.00
1786337917,bench_mixed,0.00,0.00,0.0,0.000,0.002,58.339,13.758,0.00
1786337922,bench_mixed,0.00,0.00,0.0,0.000,0.002,58.339,13.757,0.00
1786337927,bench_mixed,0.00,0.00,0.0,0.000,0.002,58.339,13.758,0.00
1786337933,bench_mixed,0.00,0.00,0.0,0.000,0.002,58.339,13.758,0.00
1786337938,bench_mixed,0.00,0.00,0.0,0.000,0.002,58.339,13.758,0.00
1786337943,bench_mixed,0.00,0.00,0.0,0.000,0.002,58.340,13.757,0.00
1786337948,bench_mixed,0.00,0.00,0.0,0.000,0.002,58.340,13.757,0.00
1786337953,bench_mixed,0.00,0.00,0.0,0.000,0.002,58.340,13.756,0.00
1786337958,bench_mixed,0.00,0.00,0.0,0.000,0.002,58.340,13.757,0.00
1786337963,bench_mixed,0.00,0.00,0.0,0.000,0.002,58.340,13.756,0.00
1786337968,bench_mixed,0.00,0.00,0.0,0.000,0.002,58.340,13.756,0.00
1786337973,bench_mixed,0.00,0.00,0.0,0.000,0.002,58.340,13.756,0.00
1786337978,bench_mixed,0.00,0.00,0.0,0.000,0.002,58.340,13.756,0.00
1786337983,bench_mixed,0.00,0.00,0.0,0.000,0.002,58.340,13.756,0.00
1786337988,bench_mixed,0.00,0.00,0.0,0.000,0.002,58.341,13.754,0.00
1786337993,bench_mixed,0.00,0.00,0.0,0.000,0.002,58.344,13.752,0.00
1786337998,bench_mixed,0.00,0.00,0.0,0.000,0.002,58.348,13.749,0.00
1786338003,bench_mixed,0.00,0.00,0.0,0.000,0.002,58.349,13.746,0.00
1786338008,bench_mixed,0.00,0.00,0.0,0.000,0.002,58.350,13.745,0.00
1786338013,bench_mixed,0.00,0.00,0.0,0.000,0.002,58.352,13.744,0.00
1786338018,bench_mixed,0.00,0.00,0.0,0.000,0.002,58.353,13.746,0.00
1786338023,bench_mixed,0.00,0.00,0.0,0.000,0.002,58.353,13.747,0.00
1786338029,bench_mixed,0.00,0.00,0.0,0.000,0.002,58.353,13.748,0.00
1786338034,bench_mixed,0.00,0.00,0.0,0.000,0.002,58.353,13.748,0.00
1786338039,bench_mixed,0.00,0.00,0.0,0.000,0.002,58.353,13.748,0.00
1786338044,bench_mixed,0.00,0.00,0.0,0.000,0.002,58.353,13.748,0.00
1786338049,bench_mixed,0.00,0.00,0.0,0.000,0.002,58.353,13.748,0.00
1786338054,bench_mixed,0.00,0.00,0.0,0.000,0.002,58.353,13.748,0.00
1786338059,bench_mixed,0.00,0.00,0.0,0.000,0.002,58.353,13.747,0.00
1786338064,bench_mixed,0.00,0.00,0.0,0.000,0.002,58.353,13.739,0.05
1786338069,bench_mixed,0.00,0.00,0.0,0.000,0.002,58.353,13.740,0.01
1786338074,bench_mixed,0.00,0.00,0.0,0.000,0.002,58.353,13.739,0.00
1786338079,bench_mixed,0.00,0.00,0.0,0.000,0.002,58.353,13.739,0.00
1786338084,bench_mixed,0.00,0.00,0.0,0.000,0.002,58.353,13.740,0.00
1786338089,bench_mixed,0.00,0.00,0.0,0.000,0.002,58.353,13.739,0.00
1786338094,bench_mixed,0.00,0.00,0.0,0.000,0.002,58.353,13.740,0.00
1786338099,bench_mixed,0.00,0.00,0.0,0.000,0.002,58.353,13.739,0.00
1786338104,bench_mixed,0.00,0.00,0.0,0.000,0.002,58.353,13.738,0.00
1786338109,bench_mixed,0.00,0.00,0.0,0.000,0.002,58.353,13.738,0.00
1786338114,bench_mixed,0.00,0.00,0.0,0.000,0.002,58.353,13.738,0.00
1786338119,bench_mixed,0.00,0.00,0.0,0.000,0.002,58.353,13.737,0.00
1786338125,bench_mixed,0.00,0.00,0.0,0.000,0.002,58.353,13.738,0.00
1786338130,bench_mixed,0.00,0.00,0.0,0.000,0.002,58.353,13.738,0.00
1786338135,bench_mixed,0.00,0.00,0.0,0.000,0.002,58.353,13.738,0.00
1786338140,bench_mixed,0.00,0.00,0.0,0.000,0.002,58.353,13.738,0.00
1786338145,bench_mixed,0.00,0.00,0.0,0.000,0.002,58.353,13.738,0.00
1786338150,bench_mixed,0.00,0.00,0.0,0.000,0.002,58.353,13.737,0.00
1786338155,bench_mixed,0.00,0.00,0.0,0.000,0.002,58.353,13.737,0.00
1786338160,bench_mixed,0.00,0.00,0.0,0.000,0.002,58.353,13.737,0.00
1786338165,bench_mixed,0.00,0.00,0.0,0.000,0.002,58.353,13.737,0.00
1786338170,bench_mixed,0.00,0.00,0.0,0.000,0.002,58.353,13.737,0.00
1786338175,bench_mixed,0.00,0.00,0.0,0.000,0.002,58.353,13.737,0.00
1786338180,bench_mixed,0.00,0.00,0.0,0.000,0.002,58.353,13.737,0.00
1786338185,bench_mixed,0.00,0.00,0.0,0.000,0.002,58.353,13.738,0.00
1786338190,bench_mixed,0.00,0.00,0.0,0.000,0.002,58.353,13.737,0.00
1786338195,bench_mixed,0.00,0.00,0.0,0.000,0.002,58.353,13.737,0.00
1786338200,bench_mixed,0.00,0.00,0.0,0.000,0.002,58.353,13.736,0.00
1786338205,bench_mixed,0.00,0.00,0.0,0.000,0.002,58.353,13.736,0.00
1786338210,bench_mixed,0.00,0.00,0.0,0.000,0.002,58.353,13.736,0.00
1786338215,bench_mixed,0.00,0.00,0.0,0.000,0.002,58.353,13.737,0.00
1786338220,bench_mixed,0.00,0.00,0.0,0.000,0.002,58.353,13.737,0.00
1786338226,bench_mixed,0.00,0.00,0.0,0.000,0.002,58.353,13.736,0.00
1786338231,bench_mixed,0.00,0.00,0.0,0.000,0.002,58.353,13.736,0.00
1786338236,bench_mixed,0.00,0.00,0.0,0.000,0.002,58.353,13.737,0.00
1786338241,bench_mixed,0.00,0.00,0.0,0.000,0.002,58.353,13.737,0.00
1786338246,bench_mixed,0.00,0.00,0.0,0.000,0.002,58.353,13.736,0.00
1786338251,bench_mixed,0.00,0.00,0.0,0.000,0.002,58.353,13.736,0.00
1786338256,bench_mixed,0.00,0.00,0.0,0.000,0.002,58.353,13.736,0.00
1786338261,bench_mixed,0.00,0.00,0.0,0.000,0.002,58.353,13.736,0.00
1786338266,bench_mixed,0.00,0.00,0.0,0.000,0.002,58.353,13.736,0.00
1786338271,bench_mixed,0.00,0.00,0.0,0.000,0.002,58.353,13.736,0.00
1786338276,bench_mixed,0.00,0.00,0.0,0.000,0.002,58.353,13.736,0.00
1786338281,bench_mixed,0.00,0.00,0.0,0.000,0.002,58.353,13.737,0.00
1786338286,bench_mixed,0.00,0.00,0.0,0.000,0.002,58.353,13.736,0.00
1786338291,bench_mixed,0.00,0.00,0.0,0.000,0.002,58.353,13.736,0.00
1786338296,bench_mixed,0.00,0.00,0.0,0.000,0.002,58.353,13.736,0.00
1786338301,bench_mixed,0.00,0.00,0.0,0.000,0.002,58.353,13.736,0.00
1786338306,bench_mixed,0.00,0.00,0.0,0.000,0.002,58.353,13.736,0.00
1786338311,bench_mixed,0.00,0.00,0.0,0.000,0.002,58.353,13.736,0.00
1786338316,bench_mixed,0.00,0.00,0.0,0.000,0.002,58.353,13.737,0.00
1786338322,bench_mixed,0.00,0.00,0.0,0.000,0.002,58.353,13.737,0.00
1786338327,bench_mixed,0.00,0.00,0.0,0.000,0.002,58.353,13.738,0.00
1786338332,bench_mixed,0.00,0.00,0.0,0.000,0.002,58.353,13.739,0.00
